0 verbose cli C:\Program Files\nodejs\node.exe C:\Program Files\nodejs\node_modules\npm\bin\npm-cli.js
1 info using npm@11.11.0
2 info using node@v24.14.1
3 silly config load:file:C:\Program Files\nodejs\node_modules\npm\npmrc
4 silly config load:file:D:\Daily Project 6\backend\.npmrc
5 silly config load:file:C:\Users\adamf\.npmrc
6 silly config load:file:D:\Daily Project 6\backend\etc\npmrc
7 verbose title npm install
8 verbose argv "--prefix" "backend" "install"
9 verbose logfile logs-max:10 dir:d:\Daily Project 6\.npm-cache\_logs\2026-04-21T09_23_46_263Z-
10 verbose logfile d:\Daily Project 6\.npm-cache\_logs\2026-04-21T09_23_46_263Z-debug-0.log
11 silly logfile done cleaning log files
12 silly packumentCache heap:4496293888 maxSize:1124073472 maxEntrySize:562036736
13 silly idealTree buildDeps
14 silly fetch manifest bcryptjs@^2.4.3
15 silly packumentCache full:https://registry.npmjs.org/bcryptjs cache-miss
16 http fetch GET 200 https://registry.npmjs.org/bcryptjs 356ms (cache miss)
17 silly packumentCache full:https://registry.npmjs.org/bcryptjs set size:undefined disposed:false
18 silly fetch manifest cors@^2.8.5
19 silly packumentCache full:https://registry.npmjs.org/cors cache-miss
20 http fetch GET 200 https://registry.npmjs.org/cors 129ms (cache miss)
21 silly packumentCache full:https://registry.npmjs.org/cors set size:undefined disposed:false
22 silly fetch manifest dotenv@^16.6.1
23 silly packumentCache full:https://registry.npmjs.org/dotenv cache-miss
24 http fetch GET 200 https://registry.npmjs.org/npm 801ms
25 http fetch GET 200 https://registry.npmjs.org/dotenv 316ms (cache miss)
26 silly packumentCache full:https://registry.npmjs.org/dotenv set size:undefined disposed:false
27 silly fetch manifest express@^4.21.2
28 silly packumentCache full:https://registry.npmjs.org/express cache-miss
29 http fetch GET 200 https://registry.npmjs.org/express 309ms (cache miss)
30 silly packumentCache full:https://registry.npmjs.org/express set size:undefined disposed:false
31 silly fetch manifest jsonwebtoken@^9.0.2
32 silly packumentCache full:https://registry.npmjs.org/jsonwebtoken cache-miss
33 http fetch GET 200 https://registry.npmjs.org/jsonwebtoken 105ms (cache miss)
34 silly packumentCache full:https://registry.npmjs.org/jsonwebtoken set size:undefined disposed:false
35 silly fetch manifest mongoose@^8.19.3
36 silly packumentCache full:https://registry.npmjs.org/mongoose cache-miss
37 http fetch GET 200 https://registry.npmjs.org/mongoose 862ms (cache miss)
38 silly packumentCache full:https://registry.npmjs.org/mongoose set size:undefined disposed:false
39 silly fetch manifest socket.io@^4.8.1
40 silly packumentCache full:https://registry.npmjs.org/socket.io cache-miss
41 http fetch GET 200 https://registry.npmjs.org/socket.io 171ms (cache miss)
42 silly packumentCache full:https://registry.npmjs.org/socket.io set size:undefined disposed:false
43 silly fetch manifest nodemon@^3.1.10
44 silly packumentCache full:https://registry.npmjs.org/nodemon cache-miss
45 http fetch GET 200 https://registry.npmjs.org/nodemon 269ms (cache miss)
46 silly packumentCache full:https://registry.npmjs.org/nodemon set size:undefined disposed:false
47 silly placeDep ROOT bcryptjs@2.4.3 OK for: streamsync-backend@1.0.0 want: ^2.4.3
48 silly placeDep ROOT cors@2.8.6 OK for: streamsync-backend@1.0.0 want: ^2.8.5
49 silly placeDep ROOT dotenv@16.6.1 OK for: streamsync-backend@1.0.0 want: ^16.6.1
50 silly placeDep ROOT express@4.22.1 OK for: streamsync-backend@1.0.0 want: ^4.21.2
51 silly placeDep ROOT jsonwebtoken@9.0.3 OK for: streamsync-backend@1.0.0 want: ^9.0.2
52 silly placeDep ROOT mongoose@8.23.0 OK for: streamsync-backend@1.0.0 want: ^8.19.3
53 silly placeDep ROOT nodemon@3.1.14 OK for: streamsync-backend@1.0.0 want: ^3.1.10
54 silly placeDep ROOT socket.io@4.8.3 OK for: streamsync-backend@1.0.0 want: ^4.8.1
55 silly fetch manifest object-assign@^4
56 silly packumentCache full:https://registry.npmjs.org/object-assign cache-miss
57 silly fetch manifest vary@^1
58 silly packumentCache full:https://registry.npmjs.org/vary cache-miss
59 silly fetch manifest qs@~6.14.0
60 silly packumentCache full:https://registry.npmjs.org/qs cache-miss
61 silly fetch manifest depd@2.0.0
62 silly packumentCache full:https://registry.npmjs.org/depd cache-miss
63 silly fetch manifest etag@~1.8.1
64 silly packumentCache full:https://registry.npmjs.org/etag cache-miss
65 silly fetch manifest send@~0.19.0
66 silly packumentCache full:https://registry.npmjs.org/send cache-miss
67 silly fetch manifest vary@~1.1.2
68 silly packumentCache full:https://registry.npmjs.org/vary cache-miss
69 silly fetch manifest debug@2.6.9
70 silly packumentCache full:https://registry.npmjs.org/debug cache-miss
71 silly fetch manifest fresh@~0.5.2
72 silly packumentCache full:https://registry.npmjs.org/fresh cache-miss
73 silly fetch manifest cookie@~0.7.1
74 silly packumentCache full:https://registry.npmjs.org/cookie cache-miss
75 silly fetch manifest accepts@~1.3.8
76 silly packumentCache full:https://registry.npmjs.org/accepts cache-miss
77 silly fetch manifest methods@~1.1.2
78 silly packumentCache full:https://registry.npmjs.org/methods cache-miss
79 silly fetch manifest type-is@~1.6.18
80 silly packumentCache full:https://registry.npmjs.org/type-is cache-miss
81 silly fetch manifest parseurl@~1.3.3
82 silly packumentCache full:https://registry.npmjs.org/parseurl cache-miss
83 silly fetch manifest statuses@~2.0.1
84 silly packumentCache full:https://registry.npmjs.org/statuses cache-miss
85 silly fetch manifest encodeurl@~2.0.0
86 silly packumentCache full:https://registry.npmjs.org/encodeurl cache-miss
87 silly fetch manifest proxy-addr@~2.0.7
88 silly packumentCache full:https://registry.npmjs.org/proxy-addr cache-miss
89 silly fetch manifest body-parser@~1.20.3
90 silly packumentCache full:https://registry.npmjs.org/body-parser cache-miss
91 silly fetch manifest escape-html@~1.0.3
92 silly packumentCache full:https://registry.npmjs.org/escape-html cache-miss
93 silly fetch manifest http-errors@~2.0.0
94 silly packumentCache full:https://registry.npmjs.org/http-errors cache-miss
95 silly fetch manifest on-finished@~2.4.1
96 silly packumentCache full:https://registry.npmjs.org/on-finished cache-miss
97 silly fetch manifest safe-buffer@5.2.1
98 silly packumentCache full:https://registry.npmjs.org/safe-buffer cache-miss
99 silly fetch manifest utils-merge@1.0.1
100 silly packumentCache full:https://registry.npmjs.org/utils-merge cache-miss
101 silly fetch manifest content-type@~1.0.4
102 silly packumentCache full:https://registry.npmjs.org/content-type cache-miss
103 silly fetch manifest finalhandler@~1.3.1
104 silly packumentCache full:https://registry.npmjs.org/finalhandler cache-miss
105 silly fetch manifest range-parser@~1.2.1
106 silly packumentCache full:https://registry.npmjs.org/range-parser cache-miss
107 silly fetch manifest serve-static@~1.16.2
108 silly packumentCache full:https://registry.npmjs.org/serve-static cache-miss
109 http fetch GET 200 https://registry.npmjs.org/object-assign 171ms (cache miss)
110 silly packumentCache full:https://registry.npmjs.org/object-assign set size:undefined disposed:false
111 silly fetch manifest array-flatten@1.1.1
112 silly packumentCache full:https://registry.npmjs.org/array-flatten cache-miss
113 http fetch GET 200 https://registry.npmjs.org/vary 244ms (cache miss)
114 silly packumentCache full:https://registry.npmjs.org/vary set size:undefined disposed:false
115 silly fetch manifest path-to-regexp@~0.1.12
116 silly packumentCache full:https://registry.npmjs.org/path-to-regexp cache-miss
117 http fetch GET 200 https://registry.npmjs.org/encodeurl 244ms (cache miss)
118 silly packumentCache full:https://registry.npmjs.org/encodeurl set size:undefined disposed:false
119 silly fetch manifest setprototypeof@1.2.0
120 silly packumentCache full:https://registry.npmjs.org/setprototypeof cache-miss
121 http fetch GET 200 https://registry.npmjs.org/proxy-addr 440ms (cache miss)
122 silly packumentCache full:https://registry.npmjs.org/proxy-addr set size:undefined disposed:false
123 silly fetch manifest cookie-signature@~1.0.6
124 silly packumentCache full:https://registry.npmjs.org/cookie-signature cache-miss
125 http fetch GET 200 https://registry.npmjs.org/body-parser 493ms (cache miss)
126 silly packumentCache full:https://registry.npmjs.org/body-parser set size:undefined disposed:false
127 silly fetch manifest merge-descriptors@1.0.3
128 silly packumentCache full:https://registry.npmjs.org/merge-descriptors cache-miss
129 http fetch GET 200 https://registry.npmjs.org/methods 496ms (cache miss)
130 silly packumentCache full:https://registry.npmjs.org/methods set size:undefined disposed:false
131 silly fetch manifest content-disposition@~0.5.4
132 silly packumentCache full:https://registry.npmjs.org/content-disposition cache-miss
133 http fetch GET 200 https://registry.npmjs.org/etag 499ms (cache miss)
134 silly packumentCache full:https://registry.npmjs.org/etag set size:undefined disposed:false
135 silly fetch manifest ms@^2.1.1
136 silly packumentCache full:https://registry.npmjs.org/ms cache-miss
137 http fetch GET 200 https://registry.npmjs.org/depd 508ms (cache miss)
138 silly packumentCache full:https://registry.npmjs.org/depd set size:undefined disposed:false
139 silly fetch manifest jws@^4.0.1
140 silly packumentCache full:https://registry.npmjs.org/jws cache-miss
141 http fetch GET 200 https://registry.npmjs.org/type-is 519ms (cache miss)
142 silly packumentCache full:https://registry.npmjs.org/type-is set size:undefined disposed:false
143 silly fetch manifest semver@^7.5.4
144 silly packumentCache full:https://registry.npmjs.org/semver cache-miss
145 http fetch GET 200 https://registry.npmjs.org/parseurl 522ms (cache miss)
146 silly packumentCache full:https://registry.npmjs.org/parseurl set size:undefined disposed:false
147 silly fetch manifest lodash.once@^4.0.0
148 silly packumentCache full:https://registry.npmjs.org/lodash.once cache-miss
149 http fetch GET 200 https://registry.npmjs.org/statuses 526ms (cache miss)
150 silly packumentCache full:https://registry.npmjs.org/statuses set size:undefined disposed:false
151 silly fetch manifest lodash.includes@^4.3.0
152 silly packumentCache full:https://registry.npmjs.org/lodash.includes cache-miss
153 http fetch GET 200 https://registry.npmjs.org/fresh 530ms (cache miss)
154 silly packumentCache full:https://registry.npmjs.org/fresh set size:undefined disposed:false
155 silly fetch manifest lodash.isnumber@^3.0.3
156 silly packumentCache full:https://registry.npmjs.org/lodash.isnumber cache-miss
157 http fetch GET 200 https://registry.npmjs.org/vary 538ms (cache miss)
158 silly packumentCache full:https://registry.npmjs.org/vary set size:undefined disposed:false
159 silly fetch manifest lodash.isstring@^4.0.1
160 silly packumentCache full:https://registry.npmjs.org/lodash.isstring cache-miss
161 http fetch GET 200 https://registry.npmjs.org/accepts 539ms (cache miss)
162 silly packumentCache full:https://registry.npmjs.org/accepts set size:undefined disposed:false
163 silly fetch manifest lodash.isboolean@^3.0.3
164 silly packumentCache full:https://registry.npmjs.org/lodash.isboolean cache-miss
165 http fetch GET 200 https://registry.npmjs.org/cookie 542ms (cache miss)
166 silly packumentCache full:https://registry.npmjs.org/cookie set size:undefined disposed:false
167 silly fetch manifest lodash.isinteger@^4.0.4
168 silly packumentCache full:https://registry.npmjs.org/lodash.isinteger cache-miss
169 http fetch GET 200 https://registry.npmjs.org/debug 545ms (cache miss)
170 silly packumentCache full:https://registry.npmjs.org/debug set size:undefined disposed:false
171 silly fetch manifest lodash.isplainobject@^4.0.6
172 silly packumentCache full:https://registry.npmjs.org/lodash.isplainobject cache-miss
173 http fetch GET 200 https://registry.npmjs.org/send 551ms (cache miss)
174 silly packumentCache full:https://registry.npmjs.org/send set size:undefined disposed:false
175 silly fetch manifest ms@2.1.3
176 silly packumentCache full:https://registry.npmjs.org/ms cache-miss
177 http fetch GET 200 https://registry.npmjs.org/escape-html 556ms (cache miss)
178 silly packumentCache full:https://registry.npmjs.org/escape-html set size:undefined disposed:false
179 silly fetch manifest bson@^6.10.4
180 silly packumentCache full:https://registry.npmjs.org/bson cache-miss
181 http fetch GET 200 https://registry.npmjs.org/qs 572ms (cache miss)
182 silly packumentCache full:https://registry.npmjs.org/qs set size:undefined disposed:false
183 silly fetch manifest sift@17.1.3
184 silly packumentCache full:https://registry.npmjs.org/sift cache-miss
185 http fetch GET 200 https://registry.npmjs.org/utils-merge 664ms (cache miss)
186 silly packumentCache full:https://registry.npmjs.org/utils-merge set size:undefined disposed:false
187 silly fetch manifest mpath@0.9.0
188 silly packumentCache full:https://registry.npmjs.org/mpath cache-miss
189 http fetch GET 200 https://registry.npmjs.org/safe-buffer 666ms (cache miss)
190 silly packumentCache full:https://registry.npmjs.org/safe-buffer set size:undefined disposed:false
191 silly fetch manifest kareem@2.6.3
192 silly packumentCache full:https://registry.npmjs.org/kareem cache-miss
193 http fetch GET 200 https://registry.npmjs.org/content-type 668ms (cache miss)
194 silly packumentCache full:https://registry.npmjs.org/content-type set size:undefined disposed:false
195 silly fetch manifest mquery@5.0.0
196 silly packumentCache full:https://registry.npmjs.org/mquery cache-miss
197 http fetch GET 200 https://registry.npmjs.org/array-flatten 500ms (cache miss)
198 silly packumentCache full:https://registry.npmjs.org/array-flatten set size:undefined disposed:false
199 silly fetch manifest mongodb@~6.20.0
200 silly packumentCache full:https://registry.npmjs.org/mongodb cache-miss
201 http fetch GET 200 https://registry.npmjs.org/http-errors 671ms (cache miss)
202 silly packumentCache full:https://registry.npmjs.org/http-errors set size:undefined disposed:false
203 silly fetch manifest debug@^4
204 silly packumentCache full:https://registry.npmjs.org/debug cache-miss
205 http fetch GET 200 https://registry.npmjs.org/on-finished 671ms (cache miss)
206 silly packumentCache full:https://registry.npmjs.org/on-finished set size:undefined disposed:false
207 silly fetch manifest touch@^3.1.0
208 silly packumentCache full:https://registry.npmjs.org/touch cache-miss
209 http fetch GET 200 https://registry.npmjs.org/cookie-signature 232ms (cache miss)
210 silly packumentCache full:https://registry.npmjs.org/cookie-signature set size:undefined disposed:false
211 silly fetch manifest semver@^7.5.3
212 silly packumentCache full:https://registry.npmjs.org/semver cache-miss
213 http fetch GET 200 https://registry.npmjs.org/setprototypeof 430ms (cache miss)
214 silly packumentCache full:https://registry.npmjs.org/setprototypeof set size:undefined disposed:false
215 silly fetch manifest chokidar@^3.5.2
216 silly packumentCache full:https://registry.npmjs.org/chokidar cache-miss
217 http fetch GET 200 https://registry.npmjs.org/finalhandler 676ms (cache miss)
218 silly packumentCache full:https://registry.npmjs.org/finalhandler set size:undefined disposed:false
219 silly fetch manifest minimatch@^10.2.1
220 silly packumentCache full:https://registry.npmjs.org/minimatch cache-miss
221 http cache https://registry.npmjs.org/debug 13ms (cache hit)
222 silly packumentCache full:https://registry.npmjs.org/debug set size:195840 disposed:false
223 silly fetch manifest undefsafe@^2.0.5
224 silly packumentCache full:https://registry.npmjs.org/undefsafe cache-miss
225 http fetch GET 200 https://registry.npmjs.org/range-parser 697ms (cache miss)
226 silly packumentCache full:https://registry.npmjs.org/range-parser set size:undefined disposed:false
227 silly fetch manifest pstree.remy@^1.1.8
228 silly packumentCache full:https://registry.npmjs.org/pstree.remy cache-miss
229 http fetch GET 200 https://registry.npmjs.org/path-to-regexp 487ms (cache miss)
230 silly packumentCache full:https://registry.npmjs.org/path-to-regexp set size:undefined disposed:false
231 silly fetch manifest supports-color@^5.5.0
232 silly packumentCache full:https://registry.npmjs.org/supports-color cache-miss
233 http fetch GET 200 https://registry.npmjs.org/serve-static 731ms (cache miss)
234 silly packumentCache full:https://registry.npmjs.org/serve-static set size:undefined disposed:false
235 silly fetch manifest ignore-by-default@^1.0.1
236 silly packumentCache full:https://registry.npmjs.org/ignore-by-default cache-miss
237 http fetch GET 200 https://registry.npmjs.org/merge-descriptors 238ms (cache miss)
238 silly packumentCache full:https://registry.npmjs.org/merge-descriptors set size:undefined disposed:false
239 silly fetch manifest simple-update-notifier@^2.0.0
240 silly packumentCache full:https://registry.npmjs.org/simple-update-notifier cache-miss
241 http fetch GET 200 https://registry.npmjs.org/content-disposition 294ms (cache miss)
242 silly packumentCache full:https://registry.npmjs.org/content-disposition set size:undefined disposed:false
243 silly fetch manifest accepts@~1.3.4
244 silly packumentCache full:https://registry.npmjs.org/accepts cache-miss
245 http cache https://registry.npmjs.org/accepts 2ms (cache hit)
246 silly packumentCache full:https://registry.npmjs.org/accepts set size:77054 disposed:false
247 silly fetch manifest base64id@~2.0.0
248 silly packumentCache full:https://registry.npmjs.org/base64id cache-miss
249 http fetch GET 200 https://registry.npmjs.org/ms 318ms (cache miss)
250 silly packumentCache full:https://registry.npmjs.org/ms set size:undefined disposed:false
251 silly fetch manifest debug@~4.4.1
252 silly packumentCache full:https://registry.npmjs.org/debug cache-hit
253 silly fetch manifest engine.io@~6.6.0
254 silly packumentCache full:https://registry.npmjs.org/engine.io cache-miss
255 http fetch GET 200 https://registry.npmjs.org/lodash.isinteger 285ms (cache miss)
256 silly packumentCache full:https://registry.npmjs.org/lodash.isinteger set size:undefined disposed:false
257 silly fetch manifest socket.io-adapter@~2.5.2
258 silly packumentCache full:https://registry.npmjs.org/socket.io-adapter cache-miss
259 http fetch GET 200 https://registry.npmjs.org/lodash.isstring 297ms (cache miss)
260 silly packumentCache full:https://registry.npmjs.org/lodash.isstring set size:undefined disposed:false
261 silly fetch manifest socket.io-parser@~4.2.4
262 silly packumentCache full:https://registry.npmjs.org/socket.io-parser cache-miss
263 http fetch GET 200 https://registry.npmjs.org/lodash.includes 309ms (cache miss)
264 silly packumentCache full:https://registry.npmjs.org/lodash.includes set size:undefined disposed:false
265 http fetch GET 200 https://registry.npmjs.org/lodash.isnumber 307ms (cache miss)
266 silly packumentCache full:https://registry.npmjs.org/lodash.isnumber set size:undefined disposed:false
267 http fetch GET 200 https://registry.npmjs.org/lodash.isboolean 299ms (cache miss)
268 silly packumentCache full:https://registry.npmjs.org/lodash.isboolean set size:undefined disposed:false
269 http fetch GET 200 https://registry.npmjs.org/lodash.once 322ms (cache miss)
270 silly packumentCache full:https://registry.npmjs.org/lodash.once set size:undefined disposed:false
271 http fetch GET 200 https://registry.npmjs.org/lodash.isplainobject 323ms (cache miss)
272 silly packumentCache full:https://registry.npmjs.org/lodash.isplainobject set size:undefined disposed:false
273 http fetch GET 200 https://registry.npmjs.org/jws 363ms (cache miss)
274 silly packumentCache full:https://registry.npmjs.org/jws set size:undefined disposed:false
275 http fetch GET 200 https://registry.npmjs.org/semver 360ms (cache miss)
276 silly packumentCache full:https://registry.npmjs.org/semver set size:undefined disposed:false
277 http fetch GET 200 https://registry.npmjs.org/ms 332ms (cache miss)
278 silly packumentCache full:https://registry.npmjs.org/ms set size:undefined disposed:false
279 http fetch GET 200 https://registry.npmjs.org/mpath 232ms (cache miss)
280 silly packumentCache full:https://registry.npmjs.org/mpath set size:undefined disposed:false
281 http fetch GET 200 https://registry.npmjs.org/kareem 351ms (cache miss)
282 silly packumentCache full:https://registry.npmjs.org/kareem set size:undefined disposed:false
283 http fetch GET 200 https://registry.npmjs.org/mquery 352ms (cache miss)
284 silly packumentCache full:https://registry.npmjs.org/mquery set size:undefined disposed:false
285 http fetch GET 200 https://registry.npmjs.org/touch 349ms (cache miss)
286 silly packumentCache full:https://registry.npmjs.org/touch set size:undefined disposed:false
287 http fetch GET 200 https://registry.npmjs.org/undefsafe 394ms (cache miss)
288 silly packumentCache full:https://registry.npmjs.org/undefsafe set size:undefined disposed:false
289 http fetch GET 200 https://registry.npmjs.org/chokidar 415ms (cache miss)
290 silly packumentCache full:https://registry.npmjs.org/chokidar set size:undefined disposed:false
291 http fetch GET 200 https://registry.npmjs.org/semver 420ms (cache miss)
292 silly packumentCache full:https://registry.npmjs.org/semver set size:undefined disposed:false
293 http fetch GET 200 https://registry.npmjs.org/pstree.remy 405ms (cache miss)
294 silly packumentCache full:https://registry.npmjs.org/pstree.remy set size:undefined disposed:false
295 http fetch GET 200 https://registry.npmjs.org/ignore-by-default 370ms (cache miss)
296 silly packumentCache full:https://registry.npmjs.org/ignore-by-default set size:undefined disposed:false
297 http fetch GET 200 https://registry.npmjs.org/bson 589ms (cache miss)
298 silly packumentCache full:https://registry.npmjs.org/bson set size:undefined disposed:false
299 http fetch GET 200 https://registry.npmjs.org/simple-update-notifier 440ms (cache miss)
300 silly packumentCache full:https://registry.npmjs.org/simple-update-notifier set size:undefined disposed:false
301 http fetch GET 200 https://registry.npmjs.org/supports-color 444ms (cache miss)
302 silly packumentCache full:https://registry.npmjs.org/supports-color set size:undefined disposed:false
303 http fetch GET 200 https://registry.npmjs.org/base64id 383ms (cache miss)
304 silly packumentCache full:https://registry.npmjs.org/base64id set size:undefined disposed:false
305 http fetch GET 200 https://registry.npmjs.org/sift 608ms (cache miss)
306 silly packumentCache full:https://registry.npmjs.org/sift set size:undefined disposed:false
307 http fetch GET 200 https://registry.npmjs.org/socket.io-adapter 498ms (cache miss)
308 silly packumentCache full:https://registry.npmjs.org/socket.io-adapter set size:undefined disposed:false
309 http fetch GET 200 https://registry.npmjs.org/engine.io 525ms (cache miss)
310 silly packumentCache full:https://registry.npmjs.org/engine.io set size:undefined disposed:false
311 http fetch GET 200 https://registry.npmjs.org/socket.io-parser 525ms (cache miss)
312 silly packumentCache full:https://registry.npmjs.org/socket.io-parser set size:undefined disposed:false
313 http fetch GET 200 https://registry.npmjs.org/minimatch 710ms (cache miss)
314 silly packumentCache full:https://registry.npmjs.org/minimatch set size:undefined disposed:false
315 http fetch GET 200 https://registry.npmjs.org/mongodb 1027ms (cache miss)
316 silly packumentCache full:https://registry.npmjs.org/mongodb set size:undefined disposed:false
317 silly placeDep ROOT object-assign@4.1.1 OK for: cors@2.8.6 want: ^4
318 silly placeDep ROOT vary@1.1.2 OK for: cors@2.8.6 want: ^1
319 silly placeDep ROOT accepts@1.3.8 OK for: express@4.22.1 want: ~1.3.8
320 silly placeDep ROOT array-flatten@1.1.1 OK for: express@4.22.1 want: 1.1.1
321 silly placeDep ROOT body-parser@1.20.4 OK for: express@4.22.1 want: ~1.20.3
322 silly placeDep ROOT content-disposition@0.5.4 OK for: express@4.22.1 want: ~0.5.4
323 silly placeDep ROOT content-type@1.0.5 OK for: express@4.22.1 want: ~1.0.4
324 silly placeDep ROOT cookie@0.7.2 OK for: express@4.22.1 want: ~0.7.1
325 silly placeDep ROOT cookie-signature@1.0.7 OK for: express@4.22.1 want: ~1.0.6
326 silly placeDep ROOT debug@2.6.9 OK for: express@4.22.1 want: 2.6.9
327 silly placeDep ROOT depd@2.0.0 OK for: express@4.22.1 want: 2.0.0
328 silly placeDep ROOT encodeurl@2.0.0 OK for: express@4.22.1 want: ~2.0.0
329 silly placeDep ROOT escape-html@1.0.3 OK for: express@4.22.1 want: ~1.0.3
330 silly placeDep ROOT etag@1.8.1 OK for: express@4.22.1 want: ~1.8.1
331 silly placeDep ROOT finalhandler@1.3.2 OK for: express@4.22.1 want: ~1.3.1
332 silly placeDep ROOT fresh@0.5.2 OK for: express@4.22.1 want: ~0.5.2
333 silly placeDep ROOT http-errors@2.0.1 OK for: express@4.22.1 want: ~2.0.0
334 silly placeDep ROOT merge-descriptors@1.0.3 OK for: express@4.22.1 want: 1.0.3
335 silly placeDep ROOT methods@1.1.2 OK for: express@4.22.1 want: ~1.1.2
336 silly placeDep ROOT on-finished@2.4.1 OK for: express@4.22.1 want: ~2.4.1
337 silly placeDep ROOT parseurl@1.3.3 OK for: express@4.22.1 want: ~1.3.3
338 silly placeDep ROOT path-to-regexp@0.1.13 OK for: express@4.22.1 want: ~0.1.12
339 silly placeDep ROOT proxy-addr@2.0.7 OK for: express@4.22.1 want: ~2.0.7
340 silly placeDep ROOT qs@6.14.2 OK for: express@4.22.1 want: ~6.14.0
341 silly placeDep ROOT range-parser@1.2.1 OK for: express@4.22.1 want: ~1.2.1
342 silly placeDep ROOT safe-buffer@5.2.1 OK for: express@4.22.1 want: 5.2.1
343 silly placeDep ROOT send@0.19.2 OK for: express@4.22.1 want: ~0.19.0
344 silly placeDep ROOT serve-static@1.16.3 OK for: express@4.22.1 want: ~1.16.2
345 silly placeDep ROOT setprototypeof@1.2.0 OK for: express@4.22.1 want: 1.2.0
346 silly placeDep ROOT statuses@2.0.2 OK for: express@4.22.1 want: ~2.0.1
347 silly placeDep ROOT type-is@1.6.18 OK for: express@4.22.1 want: ~1.6.18
348 silly placeDep ROOT utils-merge@1.0.1 OK for: express@4.22.1 want: 1.0.1
349 silly fetch manifest mime-types@~2.1.34
350 silly packumentCache full:https://registry.npmjs.org/mime-types cache-miss
351 silly fetch manifest negotiator@0.6.3
352 silly packumentCache full:https://registry.npmjs.org/negotiator cache-miss
353 silly fetch manifest bytes@~3.1.2
354 silly packumentCache full:https://registry.npmjs.org/bytes cache-miss
355 silly fetch manifest unpipe@~1.0.0
356 silly packumentCache full:https://registry.npmjs.org/unpipe cache-miss
357 silly fetch manifest destroy@~1.2.0
358 silly packumentCache full:https://registry.npmjs.org/destroy cache-miss
359 silly fetch manifest raw-body@~2.5.3
360 silly packumentCache full:https://registry.npmjs.org/raw-body cache-miss
361 silly fetch manifest iconv-lite@~0.4.24
362 silly packumentCache full:https://registry.npmjs.org/iconv-lite cache-miss
363 silly fetch manifest http-errors@~2.0.1
364 silly packumentCache full:https://registry.npmjs.org/http-errors cache-miss
365 silly fetch manifest content-type@~1.0.5
366 silly packumentCache full:https://registry.npmjs.org/content-type cache-miss
367 silly fetch manifest ms@2.0.0
368 silly packumentCache full:https://registry.npmjs.org/ms cache-miss
369 silly fetch manifest unpipe@~1.0.0
370 silly packumentCache full:https://registry.npmjs.org/unpipe cache-miss
371 silly fetch manifest statuses@~2.0.2
372 silly packumentCache full:https://registry.npmjs.org/statuses cache-miss
373 silly fetch manifest inherits@~2.0.4
374 silly packumentCache full:https://registry.npmjs.org/inherits cache-miss
375 silly fetch manifest setprototypeof@~1.2.0
376 silly packumentCache full:https://registry.npmjs.org/setprototypeof cache-miss
377 silly fetch manifest statuses@~2.0.2
378 silly packumentCache full:https://registry.npmjs.org/statuses cache-miss
379 silly fetch manifest toidentifier@~1.0.1
380 silly packumentCache full:https://registry.npmjs.org/toidentifier cache-miss
381 silly fetch manifest ee-first@1.1.1
382 silly packumentCache full:https://registry.npmjs.org/ee-first cache-miss
383 silly fetch manifest forwarded@0.2.0
384 silly packumentCache full:https://registry.npmjs.org/forwarded cache-miss
385 silly fetch manifest ipaddr.js@1.9.1
386 silly packumentCache full:https://registry.npmjs.org/ipaddr.js cache-miss
387 silly fetch manifest side-channel@^1.1.0
388 silly packumentCache full:https://registry.npmjs.org/side-channel cache-miss
389 silly fetch manifest mime@1.6.0
390 silly packumentCache full:https://registry.npmjs.org/mime cache-miss
391 silly fetch manifest destroy@1.2.0
392 silly packumentCache full:https://registry.npmjs.org/destroy cache-miss
393 silly fetch manifest statuses@~2.0.2
394 silly packumentCache full:https://registry.npmjs.org/statuses cache-miss
395 silly fetch manifest mime-types@~2.1.24
396 silly packumentCache full:https://registry.npmjs.org/mime-types cache-miss
397 silly fetch manifest media-typer@0.3.0
398 silly packumentCache full:https://registry.npmjs.org/media-typer cache-miss
399 http cache https://registry.npmjs.org/statuses 21ms (cache hit)
400 silly packumentCache full:https://registry.npmjs.org/statuses set size:37117 disposed:false
401 http cache https://registry.npmjs.org/ms 21ms (cache hit)
402 silly packumentCache full:https://registry.npmjs.org/ms set size:92208 disposed:false
403 http cache https://registry.npmjs.org/http-errors 23ms (cache hit)
404 silly packumentCache full:https://registry.npmjs.org/http-errors set size:71987 disposed:false
405 http cache https://registry.npmjs.org/statuses 22ms (cache hit)
406 silly packumentCache full:https://registry.npmjs.org/statuses set size:37117 disposed:false
407 silly packumentCache full:https://registry.npmjs.org/statuses dispose
408 http cache https://registry.npmjs.org/setprototypeof 23ms (cache hit)
409 silly packumentCache full:https://registry.npmjs.org/setprototypeof set size:14532 disposed:false
410 http cache https://registry.npmjs.org/content-type 24ms (cache hit)
411 silly packumentCache full:https://registry.npmjs.org/content-type set size:17311 disposed:false
412 http cache https://registry.npmjs.org/statuses 22ms (cache hit)
413 silly packumentCache full:https://registry.npmjs.org/statuses set size:37117 disposed:true
414 silly packumentCache full:https://registry.npmjs.org/statuses dispose
415 http fetch GET 200 https://registry.npmjs.org/destroy 95ms (cache miss)
416 silly packumentCache full:https://registry.npmjs.org/destroy set size:undefined disposed:false
417 http fetch GET 200 https://registry.npmjs.org/negotiator 129ms (cache miss)
418 silly packumentCache full:https://registry.npmjs.org/negotiator set size:undefined disposed:false
419 http fetch GET 200 https://registry.npmjs.org/bytes 132ms (cache miss)
420 silly packumentCache full:https://registry.npmjs.org/bytes set size:undefined disposed:false
421 http fetch GET 200 https://registry.npmjs.org/ee-first 155ms (cache miss)
422 silly packumentCache full:https://registry.npmjs.org/ee-first set size:undefined disposed:false
423 http fetch GET 200 https://registry.npmjs.org/forwarded 164ms (cache miss)
424 silly packumentCache full:https://registry.npmjs.org/forwarded set size:undefined disposed:false
425 http fetch GET 200 https://registry.npmjs.org/inherits 167ms (cache miss)
426 silly packumentCache full:https://registry.npmjs.org/inherits set size:undefined disposed:false
427 http fetch GET 200 https://registry.npmjs.org/toidentifier 167ms (cache miss)
428 silly packumentCache full:https://registry.npmjs.org/toidentifier set size:undefined disposed:false
429 http fetch GET 200 https://registry.npmjs.org/unpipe 177ms (cache miss)
430 silly packumentCache full:https://registry.npmjs.org/unpipe set size:undefined disposed:false
431 http fetch GET 200 https://registry.npmjs.org/side-channel 176ms (cache miss)
432 silly packumentCache full:https://registry.npmjs.org/side-channel set size:undefined disposed:false
433 http fetch GET 200 https://registry.npmjs.org/unpipe 208ms (cache miss)
434 silly packumentCache full:https://registry.npmjs.org/unpipe set size:undefined disposed:false
435 http fetch GET 200 https://registry.npmjs.org/raw-body 225ms (cache miss)
436 silly packumentCache full:https://registry.npmjs.org/raw-body set size:undefined disposed:false
437 http fetch GET 200 https://registry.npmjs.org/mime-types 281ms (cache miss)
438 silly packumentCache full:https://registry.npmjs.org/mime-types set size:undefined disposed:false
439 http fetch GET 200 https://registry.npmjs.org/mime 300ms (cache miss)
440 silly packumentCache full:https://registry.npmjs.org/mime set size:undefined disposed:false
441 http fetch GET 200 https://registry.npmjs.org/iconv-lite 316ms (cache miss)
442 silly packumentCache full:https://registry.npmjs.org/iconv-lite set size:undefined disposed:false
443 http fetch GET 200 https://registry.npmjs.org/ipaddr.js 324ms (cache miss)
444 silly packumentCache full:https://registry.npmjs.org/ipaddr.js set size:undefined disposed:false
445 http fetch GET 200 https://registry.npmjs.org/destroy 328ms (cache miss)
446 silly packumentCache full:https://registry.npmjs.org/destroy set size:undefined disposed:false
447 http fetch GET 200 https://registry.npmjs.org/media-typer 334ms (cache miss)
448 silly packumentCache full:https://registry.npmjs.org/media-typer set size:undefined disposed:false
449 http fetch GET 200 https://registry.npmjs.org/mime-types 364ms (cache miss)
450 silly packumentCache full:https://registry.npmjs.org/mime-types set size:undefined disposed:false
451 silly placeDep ROOT mime-types@2.1.35 OK for: accepts@1.3.8 want: ~2.1.34
452 silly placeDep ROOT negotiator@0.6.3 OK for: accepts@1.3.8 want: 0.6.3
453 silly fetch manifest mime-db@1.52.0
454 silly packumentCache full:https://registry.npmjs.org/mime-db cache-miss
455 http fetch GET 200 https://registry.npmjs.org/mime-db 117ms (cache miss)
456 silly packumentCache full:https://registry.npmjs.org/mime-db set size:undefined disposed:false
457 silly placeDep ROOT bytes@3.1.2 OK for: body-parser@1.20.4 want: ~3.1.2
458 silly placeDep ROOT destroy@1.2.0 OK for: body-parser@1.20.4 want: ~1.2.0
459 silly placeDep ROOT iconv-lite@0.4.24 OK for: body-parser@1.20.4 want: ~0.4.24
460 silly placeDep ROOT raw-body@2.5.3 OK for: body-parser@1.20.4 want: ~2.5.3
461 silly placeDep ROOT unpipe@1.0.0 OK for: body-parser@1.20.4 want: ~1.0.0
462 silly fetch manifest safer-buffer@>= 2.1.2 < 3
463 silly packumentCache full:https://registry.npmjs.org/safer-buffer cache-miss
464 http fetch GET 200 https://registry.npmjs.org/safer-buffer 100ms (cache miss)
465 silly packumentCache full:https://registry.npmjs.org/safer-buffer set size:undefined disposed:false
466 silly placeDep ROOT ms@2.0.0 OK for: debug@2.6.9 want: 2.0.0
467 silly placeDep ROOT inherits@2.0.4 OK for: http-errors@2.0.1 want: ~2.0.4
468 silly placeDep ROOT toidentifier@1.0.1 OK for: http-errors@2.0.1 want: ~1.0.1
469 silly placeDep ROOT safer-buffer@2.1.2 OK for: iconv-lite@0.4.24 want: >= 2.1.2 < 3
470 silly placeDep ROOT jws@4.0.1 OK for: jsonwebtoken@9.0.3 want: ^4.0.1
471 silly placeDep ROOT lodash.includes@4.3.0 OK for: jsonwebtoken@9.0.3 want: ^4.3.0
472 silly placeDep ROOT lodash.isboolean@3.0.3 OK for: jsonwebtoken@9.0.3 want: ^3.0.3
473 silly placeDep ROOT lodash.isinteger@4.0.4 OK for: jsonwebtoken@9.0.3 want: ^4.0.4
474 silly placeDep ROOT lodash.isnumber@3.0.3 OK for: jsonwebtoken@9.0.3 want: ^3.0.3
475 silly placeDep ROOT lodash.isplainobject@4.0.6 OK for: jsonwebtoken@9.0.3 want: ^4.0.6
476 silly placeDep ROOT lodash.isstring@4.0.1 OK for: jsonwebtoken@9.0.3 want: ^4.0.1
477 silly placeDep ROOT lodash.once@4.1.1 OK for: jsonwebtoken@9.0.3 want: ^4.0.0
478 silly placeDep node_modules/jsonwebtoken ms@2.1.3 OK for: jsonwebtoken@9.0.3 want: ^2.1.1
479 silly placeDep ROOT semver@7.7.4 OK for: jsonwebtoken@9.0.3 want: ^7.5.4
480 silly fetch manifest jwa@^2.0.1
481 silly packumentCache full:https://registry.npmjs.org/jwa cache-miss
482 http fetch GET 200 https://registry.npmjs.org/jwa 98ms (cache miss)
483 silly packumentCache full:https://registry.npmjs.org/jwa set size:undefined disposed:false
484 silly placeDep ROOT jwa@2.0.1 OK for: jws@4.0.1 want: ^2.0.1
485 silly fetch manifest ecdsa-sig-formatter@1.0.11
486 silly packumentCache full:https://registry.npmjs.org/ecdsa-sig-formatter cache-miss
487 silly fetch manifest buffer-equal-constant-time@^1.0.1
488 silly packumentCache full:https://registry.npmjs.org/buffer-equal-constant-time cache-miss
489 http fetch GET 200 https://registry.npmjs.org/buffer-equal-constant-time 91ms (cache miss)
490 silly packumentCache full:https://registry.npmjs.org/buffer-equal-constant-time set size:undefined disposed:false
491 http fetch GET 200 https://registry.npmjs.org/ecdsa-sig-formatter 92ms (cache miss)
492 silly packumentCache full:https://registry.npmjs.org/ecdsa-sig-formatter set size:undefined disposed:false
493 silly placeDep ROOT buffer-equal-constant-time@1.0.1 OK for: jwa@2.0.1 want: ^1.0.1
494 silly placeDep ROOT ecdsa-sig-formatter@1.0.11 OK for: jwa@2.0.1 want: 1.0.11
495 silly placeDep ROOT mime-db@1.52.0 OK for: mime-types@2.1.35 want: 1.52.0
496 silly fetch manifest @aws-sdk/credential-providers@^3.188.0
497 silly packumentCache full:https://registry.npmjs.org/@aws-sdk%2fcredential-providers cache-miss
498 http fetch GET 200 https://registry.npmjs.org/@aws-sdk%2fcredential-providers 1701ms (cache miss)
499 silly packumentCache full:https://registry.npmjs.org/@aws-sdk%2fcredential-providers set size:undefined disposed:false
500 silly fetch manifest @mongodb-js/zstd@^1.1.0 || ^2.0.0
501 silly packumentCache full:https://registry.npmjs.org/@mongodb-js%2fzstd cache-miss
502 http fetch GET 200 https://registry.npmjs.org/@mongodb-js%2fzstd 257ms (cache miss)
503 silly packumentCache full:https://registry.npmjs.org/@mongodb-js%2fzstd set size:undefined disposed:false
504 silly fetch manifest gcp-metadata@^5.2.0
505 silly packumentCache full:https://registry.npmjs.org/gcp-metadata cache-miss
506 http fetch GET 200 https://registry.npmjs.org/gcp-metadata 214ms (cache miss)
507 silly packumentCache full:https://registry.npmjs.org/gcp-metadata set size:undefined disposed:false
508 silly fetch manifest kerberos@^2.0.1
509 silly packumentCache full:https://registry.npmjs.org/kerberos cache-miss
510 http fetch GET 200 https://registry.npmjs.org/kerberos 159ms (cache miss)
511 silly packumentCache full:https://registry.npmjs.org/kerberos set size:undefined disposed:false
512 silly fetch manifest mongodb-client-encryption@>=6.0.0 <7
513 silly packumentCache full:https://registry.npmjs.org/mongodb-client-encryption cache-miss
514 http fetch GET 200 https://registry.npmjs.org/mongodb-client-encryption 141ms (cache miss)
515 silly packumentCache full:https://registry.npmjs.org/mongodb-client-encryption set size:undefined disposed:false
516 silly fetch manifest snappy@^7.3.2
517 silly packumentCache full:https://registry.npmjs.org/snappy cache-miss
518 http fetch GET 200 https://registry.npmjs.org/snappy 148ms (cache miss)
519 silly packumentCache full:https://registry.npmjs.org/snappy set size:undefined disposed:false
520 silly fetch manifest socks@^2.7.1
521 silly packumentCache full:https://registry.npmjs.org/socks cache-miss
522 http fetch GET 200 https://registry.npmjs.org/socks 153ms (cache miss)
523 silly packumentCache full:https://registry.npmjs.org/socks set size:undefined disposed:false
524 silly placeDep ROOT bson@6.10.4 OK for: mongoose@8.23.0 want: ^6.10.4
525 silly placeDep ROOT kareem@2.6.3 OK for: mongoose@8.23.0 want: 2.6.3
526 silly placeDep ROOT mongodb@6.20.0 OK for: mongoose@8.23.0 want: ~6.20.0
527 silly placeDep ROOT mpath@0.9.0 OK for: mongoose@8.23.0 want: 0.9.0
528 silly placeDep ROOT mquery@5.0.0 OK for: mongoose@8.23.0 want: 5.0.0
529 silly placeDep node_modules/mongoose ms@2.1.3 OK for: mongoose@8.23.0 want: 2.1.3
530 silly placeDep ROOT sift@17.1.3 OK for: mongoose@8.23.0 want: 17.1.3
531 silly fetch manifest @mongodb-js/saslprep@^1.3.0
532 silly packumentCache full:https://registry.npmjs.org/@mongodb-js%2fsaslprep cache-miss
533 silly fetch manifest mongodb-connection-string-url@^3.0.2
534 silly packumentCache full:https://registry.npmjs.org/mongodb-connection-string-url cache-miss
535 silly fetch manifest debug@4.x
536 silly packumentCache full:https://registry.npmjs.org/debug cache-hit
537 http fetch GET 200 https://registry.npmjs.org/@mongodb-js%2fsaslprep 104ms (cache miss)
538 silly packumentCache full:https://registry.npmjs.org/@mongodb-js%2fsaslprep set size:undefined disposed:false
539 http fetch GET 200 https://registry.npmjs.org/mongodb-connection-string-url 179ms (cache miss)
540 silly packumentCache full:https://registry.npmjs.org/mongodb-connection-string-url set size:undefined disposed:false
541 silly placeDep ROOT @mongodb-js/saslprep@1.4.8 OK for: mongodb@6.20.0 want: ^1.3.0
542 silly placeDep ROOT mongodb-connection-string-url@3.0.2 OK for: mongodb@6.20.0 want: ^3.0.2
543 silly fetch manifest sparse-bitfield@^3.0.3
544 silly packumentCache full:https://registry.npmjs.org/sparse-bitfield cache-miss
545 silly fetch manifest whatwg-url@^14.1.0 || ^13.0.0
546 silly packumentCache full:https://registry.npmjs.org/whatwg-url cache-miss
547 silly fetch manifest @types/whatwg-url@^11.0.2
548 silly packumentCache full:https://registry.npmjs.org/@types%2fwhatwg-url cache-miss
549 http fetch GET 200 https://registry.npmjs.org/sparse-bitfield 94ms (cache miss)
550 silly packumentCache full:https://registry.npmjs.org/sparse-bitfield set size:undefined disposed:false
551 http fetch GET 200 https://registry.npmjs.org/@types%2fwhatwg-url 101ms (cache miss)
552 silly packumentCache full:https://registry.npmjs.org/@types%2fwhatwg-url set size:undefined disposed:false
553 http fetch GET 200 https://registry.npmjs.org/whatwg-url 104ms (cache miss)
554 silly packumentCache full:https://registry.npmjs.org/whatwg-url set size:undefined disposed:false
555 silly placeDep ROOT sparse-bitfield@3.0.3 OK for: @mongodb-js/saslprep@1.4.8 want: ^3.0.3
556 silly fetch manifest memory-pager@^1.0.2
557 silly packumentCache full:https://registry.npmjs.org/memory-pager cache-miss
558 http fetch GET 200 https://registry.npmjs.org/memory-pager 130ms (cache miss)
559 silly packumentCache full:https://registry.npmjs.org/memory-pager set size:undefined disposed:false
560 silly placeDep ROOT @types/whatwg-url@11.0.5 OK for: mongodb-connection-string-url@3.0.2 want: ^11.0.2
561 silly placeDep ROOT whatwg-url@14.2.0 OK for: mongodb-connection-string-url@3.0.2 want: ^14.1.0 || ^13.0.0
562 silly fetch manifest @types/webidl-conversions@*
563 silly packumentCache full:https://registry.npmjs.org/@types%2fwebidl-conversions cache-miss
564 silly fetch manifest tr46@^5.1.0
565 silly packumentCache full:https://registry.npmjs.org/tr46 cache-miss
566 silly fetch manifest webidl-conversions@^7.0.0
567 silly packumentCache full:https://registry.npmjs.org/webidl-conversions cache-miss
568 http fetch GET 200 https://registry.npmjs.org/tr46 94ms (cache miss)
569 silly packumentCache full:https://registry.npmjs.org/tr46 set size:undefined disposed:false
570 http fetch GET 200 https://registry.npmjs.org/@types%2fwebidl-conversions 94ms (cache miss)
571 silly packumentCache full:https://registry.npmjs.org/@types%2fwebidl-conversions set size:undefined disposed:false
572 http fetch GET 200 https://registry.npmjs.org/webidl-conversions 106ms (cache miss)
573 silly packumentCache full:https://registry.npmjs.org/webidl-conversions set size:undefined disposed:false
574 silly placeDep ROOT @types/webidl-conversions@7.0.3 OK for: @types/whatwg-url@11.0.5 want: *
575 silly placeDep node_modules/mquery debug@4.4.3 OK for: mquery@5.0.0 want: 4.x
576 silly fetch manifest ms@^2.1.3
577 silly packumentCache full:https://registry.npmjs.org/ms cache-hit
578 silly placeDep ROOT chokidar@3.6.0 OK for: nodemon@3.1.14 want: ^3.5.2
579 silly placeDep node_modules/nodemon debug@4.4.3 OK for: nodemon@3.1.14 want: ^4
580 silly placeDep ROOT ignore-by-default@1.0.1 OK for: nodemon@3.1.14 want: ^1.0.1
581 silly placeDep ROOT minimatch@10.2.5 OK for: nodemon@3.1.14 want: ^10.2.1
582 silly placeDep ROOT pstree.remy@1.1.8 OK for: nodemon@3.1.14 want: ^1.1.8
583 silly placeDep ROOT simple-update-notifier@2.0.0 OK for: nodemon@3.1.14 want: ^2.0.0
584 silly placeDep ROOT supports-color@5.5.0 OK for: nodemon@3.1.14 want: ^5.5.0
585 silly placeDep ROOT touch@3.1.1 OK for: nodemon@3.1.14 want: ^3.1.0
586 silly placeDep ROOT undefsafe@2.0.5 OK for: nodemon@3.1.14 want: ^2.0.5
587 silly fetch manifest braces@~3.0.2
588 silly packumentCache full:https://registry.npmjs.org/braces cache-miss
589 silly fetch manifest is-glob@~4.0.1
590 silly packumentCache full:https://registry.npmjs.org/is-glob cache-miss
591 silly fetch manifest anymatch@~3.1.2
592 silly packumentCache full:https://registry.npmjs.org/anymatch cache-miss
593 silly fetch manifest readdirp@~3.6.0
594 silly packumentCache full:https://registry.npmjs.org/readdirp cache-miss
595 silly fetch manifest glob-parent@~5.1.2
596 silly packumentCache full:https://registry.npmjs.org/glob-parent cache-miss
597 silly fetch manifest is-binary-path@~2.1.0
598 silly packumentCache full:https://registry.npmjs.org/is-binary-path cache-miss
599 silly fetch manifest normalize-path@~3.0.0
600 silly packumentCache full:https://registry.npmjs.org/normalize-path cache-miss
601 silly fetch manifest fsevents@~2.3.2
602 silly packumentCache full:https://registry.npmjs.org/fsevents cache-miss
603 silly fetch manifest brace-expansion@^5.0.5
604 silly packumentCache full:https://registry.npmjs.org/brace-expansion cache-miss
605 silly fetch manifest has-flag@^3.0.0
606 silly packumentCache full:https://registry.npmjs.org/has-flag cache-miss
607 http fetch GET 200 https://registry.npmjs.org/is-glob 95ms (cache miss)
608 silly packumentCache full:https://registry.npmjs.org/is-glob set size:undefined disposed:false
609 http fetch GET 200 https://registry.npmjs.org/anymatch 121ms (cache miss)
610 silly packumentCache full:https://registry.npmjs.org/anymatch set size:undefined disposed:false
611 http fetch GET 200 https://registry.npmjs.org/braces 258ms (cache miss)
612 silly packumentCache full:https://registry.npmjs.org/braces set size:undefined disposed:false
613 http fetch GET 200 https://registry.npmjs.org/normalize-path 347ms (cache miss)
614 silly packumentCache full:https://registry.npmjs.org/normalize-path set size:undefined disposed:false
615 http fetch GET 200 https://registry.npmjs.org/is-binary-path 347ms (cache miss)
616 silly packumentCache full:https://registry.npmjs.org/is-binary-path set size:undefined disposed:false
617 http fetch GET 200 https://registry.npmjs.org/glob-parent 367ms (cache miss)
618 silly packumentCache full:https://registry.npmjs.org/glob-parent set size:undefined disposed:false
619 http fetch GET 200 https://registry.npmjs.org/has-flag 450ms (cache miss)
620 silly packumentCache full:https://registry.npmjs.org/has-flag set size:undefined disposed:false
621 http fetch GET 200 https://registry.npmjs.org/fsevents 685ms (cache miss)
622 silly packumentCache full:https://registry.npmjs.org/fsevents set size:undefined disposed:false
623 http fetch GET 200 https://registry.npmjs.org/readdirp 745ms (cache miss)
624 silly packumentCache full:https://registry.npmjs.org/readdirp set size:undefined disposed:false
625 http fetch GET 200 https://registry.npmjs.org/brace-expansion 752ms (cache miss)
626 silly packumentCache full:https://registry.npmjs.org/brace-expansion set size:undefined disposed:false
627 silly placeDep ROOT anymatch@3.1.3 OK for: chokidar@3.6.0 want: ~3.1.2
628 silly placeDep ROOT braces@3.0.3 OK for: chokidar@3.6.0 want: ~3.0.2
629 silly placeDep ROOT fsevents@2.3.3 OK for: chokidar@3.6.0 want: ~2.3.2
630 silly placeDep ROOT glob-parent@5.1.2 OK for: chokidar@3.6.0 want: ~5.1.2
631 silly placeDep ROOT is-binary-path@2.1.0 OK for: chokidar@3.6.0 want: ~2.1.0
632 silly placeDep ROOT is-glob@4.0.3 OK for: chokidar@3.6.0 want: ~4.0.1
633 silly placeDep ROOT normalize-path@3.0.0 OK for: chokidar@3.6.0 want: ~3.0.0
634 silly placeDep ROOT readdirp@3.6.0 OK for: chokidar@3.6.0 want: ~3.6.0
635 silly fetch manifest picomatch@^2.0.4
636 silly packumentCache full:https://registry.npmjs.org/picomatch cache-miss
637 silly fetch manifest normalize-path@^3.0.0
638 silly packumentCache full:https://registry.npmjs.org/normalize-path cache-miss
639 silly fetch manifest fill-range@^7.1.1
640 silly packumentCache full:https://registry.npmjs.org/fill-range cache-miss
641 silly fetch manifest is-glob@^4.0.1
642 silly packumentCache full:https://registry.npmjs.org/is-glob cache-miss
643 silly fetch manifest binary-extensions@^2.0.0
644 silly packumentCache full:https://registry.npmjs.org/binary-extensions cache-miss
645 silly fetch manifest is-extglob@^2.1.1
646 silly packumentCache full:https://registry.npmjs.org/is-extglob cache-miss
647 silly fetch manifest picomatch@^2.2.1
648 silly packumentCache full:https://registry.npmjs.org/picomatch cache-miss
649 http cache https://registry.npmjs.org/is-glob 7ms (cache hit)
650 silly packumentCache full:https://registry.npmjs.org/is-glob set size:40530 disposed:false
651 http cache https://registry.npmjs.org/normalize-path 8ms (cache hit)
652 silly packumentCache full:https://registry.npmjs.org/normalize-path set size:28713 disposed:false
653 http fetch GET 200 https://registry.npmjs.org/is-extglob 102ms (cache miss)
654 silly packumentCache full:https://registry.npmjs.org/is-extglob set size:undefined disposed:false
655 http fetch GET 200 https://registry.npmjs.org/binary-extensions 104ms (cache miss)
656 silly packumentCache full:https://registry.npmjs.org/binary-extensions set size:undefined disposed:false
657 http fetch GET 200 https://registry.npmjs.org/picomatch 174ms (cache miss)
658 silly packumentCache full:https://registry.npmjs.org/picomatch set size:undefined disposed:false
659 http fetch GET 200 https://registry.npmjs.org/picomatch 917ms (cache miss)
660 silly packumentCache full:https://registry.npmjs.org/picomatch set size:undefined disposed:false
661 http fetch GET 200 https://registry.npmjs.org/fill-range 918ms (cache miss)
662 silly packumentCache full:https://registry.npmjs.org/fill-range set size:undefined disposed:false
663 silly placeDep ROOT picomatch@2.3.2 OK for: anymatch@3.1.3 want: ^2.0.4
664 silly placeDep ROOT fill-range@7.1.1 OK for: braces@3.0.3 want: ^7.1.1
665 silly fetch manifest to-regex-range@^5.0.1
666 silly packumentCache full:https://registry.npmjs.org/to-regex-range cache-miss
667 http fetch GET 200 https://registry.npmjs.org/to-regex-range 101ms (cache miss)
668 silly packumentCache full:https://registry.npmjs.org/to-regex-range set size:undefined disposed:false
669 silly placeDep ROOT to-regex-range@5.0.1 OK for: fill-range@7.1.1 want: ^5.0.1
670 silly fetch manifest is-number@^7.0.0
671 silly packumentCache full:https://registry.npmjs.org/is-number cache-miss
672 http fetch GET 200 https://registry.npmjs.org/is-number 449ms (cache miss)
673 silly packumentCache full:https://registry.npmjs.org/is-number set size:undefined disposed:false
674 silly placeDep ROOT binary-extensions@2.3.0 OK for: is-binary-path@2.1.0 want: ^2.0.0
675 silly placeDep ROOT is-extglob@2.1.1 OK for: is-glob@4.0.3 want: ^2.1.1
676 silly placeDep ROOT brace-expansion@5.0.5 OK for: minimatch@10.2.5 want: ^5.0.5
677 silly fetch manifest balanced-match@^4.0.2
678 silly packumentCache full:https://registry.npmjs.org/balanced-match cache-miss
679 http fetch GET 200 https://registry.npmjs.org/balanced-match 104ms (cache miss)
680 silly packumentCache full:https://registry.npmjs.org/balanced-match set size:undefined disposed:false
681 silly placeDep ROOT balanced-match@4.0.4 OK for: brace-expansion@5.0.5 want: ^4.0.2
682 silly placeDep ROOT ee-first@1.1.1 OK for: on-finished@2.4.1 want: 1.1.1
683 silly placeDep ROOT forwarded@0.2.0 OK for: proxy-addr@2.0.7 want: 0.2.0
684 silly placeDep ROOT ipaddr.js@1.9.1 OK for: proxy-addr@2.0.7 want: 1.9.1
685 silly placeDep ROOT side-channel@1.1.0 OK for: qs@6.14.2 want: ^1.1.0
686 silly fetch manifest es-errors@^1.3.0
687 silly packumentCache full:https://registry.npmjs.org/es-errors cache-miss
688 silly fetch manifest object-inspect@^1.13.3
689 silly packumentCache full:https://registry.npmjs.org/object-inspect cache-miss
690 silly fetch manifest side-channel-list@^1.0.0
691 silly packumentCache full:https://registry.npmjs.org/side-channel-list cache-miss
692 silly fetch manifest side-channel-map@^1.0.1
693 silly packumentCache full:https://registry.npmjs.org/side-channel-map cache-miss
694 silly fetch manifest side-channel-weakmap@^1.0.2
695 silly packumentCache full:https://registry.npmjs.org/side-channel-weakmap cache-miss
696 http fetch GET 200 https://registry.npmjs.org/object-inspect 128ms (cache miss)
697 silly packumentCache full:https://registry.npmjs.org/object-inspect set size:undefined disposed:false
698 http fetch GET 200 https://registry.npmjs.org/es-errors 187ms (cache miss)
699 silly packumentCache full:https://registry.npmjs.org/es-errors set size:undefined disposed:false
700 http fetch GET 200 https://registry.npmjs.org/side-channel-list 187ms (cache miss)
701 silly packumentCache full:https://registry.npmjs.org/side-channel-list set size:undefined disposed:false
702 http fetch GET 200 https://registry.npmjs.org/side-channel-weakmap 191ms (cache miss)
703 silly packumentCache full:https://registry.npmjs.org/side-channel-weakmap set size:undefined disposed:false
704 http fetch GET 200 https://registry.npmjs.org/side-channel-map 195ms (cache miss)
705 silly packumentCache full:https://registry.npmjs.org/side-channel-map set size:undefined disposed:false
706 silly placeDep ROOT mime@1.6.0 OK for: send@0.19.2 want: 1.6.0
707 silly placeDep node_modules/send ms@2.1.3 OK for: send@0.19.2 want: 2.1.3
708 silly placeDep ROOT es-errors@1.3.0 OK for: side-channel@1.1.0 want: ^1.3.0
709 silly placeDep ROOT object-inspect@1.13.4 OK for: side-channel@1.1.0 want: ^1.13.3
710 silly placeDep ROOT side-channel-list@1.0.1 OK for: side-channel@1.1.0 want: ^1.0.0
711 silly placeDep ROOT side-channel-map@1.0.1 OK for: side-channel@1.1.0 want: ^1.0.1
712 silly placeDep ROOT side-channel-weakmap@1.0.2 OK for: side-channel@1.1.0 want: ^1.0.2
713 silly fetch manifest call-bound@^1.0.2
714 silly packumentCache full:https://registry.npmjs.org/call-bound cache-miss
715 silly fetch manifest get-intrinsic@^1.2.5
716 silly packumentCache full:https://registry.npmjs.org/get-intrinsic cache-miss
717 silly fetch manifest call-bound@^1.0.2
718 silly packumentCache full:https://registry.npmjs.org/call-bound cache-miss
719 silly fetch manifest get-intrinsic@^1.2.5
720 silly packumentCache full:https://registry.npmjs.org/get-intrinsic cache-miss
721 http fetch GET 200 https://registry.npmjs.org/call-bound 623ms (cache miss)
722 silly packumentCache full:https://registry.npmjs.org/call-bound set size:undefined disposed:false
723 http fetch GET 200 https://registry.npmjs.org/get-intrinsic 708ms (cache miss)
724 silly packumentCache full:https://registry.npmjs.org/get-intrinsic set size:undefined disposed:false
725 http fetch GET 200 https://registry.npmjs.org/get-intrinsic 756ms (cache miss)
726 silly packumentCache full:https://registry.npmjs.org/get-intrinsic set size:undefined disposed:false
727 http fetch GET 200 https://registry.npmjs.org/call-bound 764ms (cache miss)
728 silly packumentCache full:https://registry.npmjs.org/call-bound set size:undefined disposed:false
729 silly placeDep ROOT call-bound@1.0.4 OK for: side-channel-map@1.0.1 want: ^1.0.2
730 silly placeDep ROOT get-intrinsic@1.3.0 OK for: side-channel-map@1.0.1 want: ^1.2.5
731 silly fetch manifest call-bind-apply-helpers@^1.0.2
732 silly packumentCache full:https://registry.npmjs.org/call-bind-apply-helpers cache-miss
733 silly fetch manifest get-intrinsic@^1.3.0
734 silly packumentCache full:https://registry.npmjs.org/get-intrinsic cache-miss
735 silly fetch manifest gopd@^1.2.0
736 silly packumentCache full:https://registry.npmjs.org/gopd cache-miss
737 silly fetch manifest hasown@^2.0.2
738 silly packumentCache full:https://registry.npmjs.org/hasown cache-miss
739 silly fetch manifest get-proto@^1.0.1
740 silly packumentCache full:https://registry.npmjs.org/get-proto cache-miss
741 silly fetch manifest has-symbols@^1.1.0
742 silly packumentCache full:https://registry.npmjs.org/has-symbols cache-miss
743 silly fetch manifest function-bind@^1.1.2
744 silly packumentCache full:https://registry.npmjs.org/function-bind cache-miss
745 silly fetch manifest es-object-atoms@^1.1.1
746 silly packumentCache full:https://registry.npmjs.org/es-object-atoms cache-miss
747 silly fetch manifest math-intrinsics@^1.1.0
748 silly packumentCache full:https://registry.npmjs.org/math-intrinsics cache-miss
749 silly fetch manifest es-define-property@^1.0.1
750 silly packumentCache full:https://registry.npmjs.org/es-define-property cache-miss
751 silly fetch manifest call-bind-apply-helpers@^1.0.2
752 silly packumentCache full:https://registry.npmjs.org/call-bind-apply-helpers cache-miss
753 http cache https://registry.npmjs.org/get-intrinsic 8ms (cache hit)
754 silly packumentCache full:https://registry.npmjs.org/get-intrinsic set size:60985 disposed:false
755 http fetch GET 200 https://registry.npmjs.org/gopd 102ms (cache miss)
756 silly packumentCache full:https://registry.npmjs.org/gopd set size:undefined disposed:false
757 http fetch GET 200 https://registry.npmjs.org/call-bind-apply-helpers 103ms (cache miss)
758 silly packumentCache full:https://registry.npmjs.org/call-bind-apply-helpers set size:undefined disposed:false
759 http fetch GET 200 https://registry.npmjs.org/get-proto 103ms (cache miss)
760 silly packumentCache full:https://registry.npmjs.org/get-proto set size:undefined disposed:false
761 http fetch GET 200 https://registry.npmjs.org/es-object-atoms 141ms (cache miss)
762 silly packumentCache full:https://registry.npmjs.org/es-object-atoms set size:undefined disposed:false
763 http fetch GET 200 https://registry.npmjs.org/hasown 143ms (cache miss)
764 silly packumentCache full:https://registry.npmjs.org/hasown set size:undefined disposed:false
765 http fetch GET 200 https://registry.npmjs.org/function-bind 148ms (cache miss)
766 silly packumentCache full:https://registry.npmjs.org/function-bind set size:undefined disposed:false
767 http fetch GET 200 https://registry.npmjs.org/has-symbols 150ms (cache miss)
768 silly packumentCache full:https://registry.npmjs.org/has-symbols set size:undefined disposed:false
769 http fetch GET 200 https://registry.npmjs.org/call-bind-apply-helpers 151ms (cache miss)
770 silly packumentCache full:https://registry.npmjs.org/call-bind-apply-helpers set size:undefined disposed:false
771 http fetch GET 200 https://registry.npmjs.org/math-intrinsics 154ms (cache miss)
772 silly packumentCache full:https://registry.npmjs.org/math-intrinsics set size:undefined disposed:false
773 http fetch GET 200 https://registry.npmjs.org/es-define-property 155ms (cache miss)
774 silly packumentCache full:https://registry.npmjs.org/es-define-property set size:undefined disposed:false
775 silly placeDep ROOT call-bind-apply-helpers@1.0.2 OK for: call-bound@1.0.4 want: ^1.0.2
776 silly placeDep ROOT function-bind@1.1.2 OK for: call-bind-apply-helpers@1.0.2 want: ^1.1.2
777 silly placeDep ROOT es-define-property@1.0.1 OK for: get-intrinsic@1.3.0 want: ^1.0.1
778 silly placeDep ROOT es-object-atoms@1.1.1 OK for: get-intrinsic@1.3.0 want: ^1.1.1
779 silly placeDep ROOT get-proto@1.0.1 OK for: get-intrinsic@1.3.0 want: ^1.0.1
780 silly placeDep ROOT gopd@1.2.0 OK for: get-intrinsic@1.3.0 want: ^1.2.0
781 silly placeDep ROOT has-symbols@1.1.0 OK for: get-intrinsic@1.3.0 want: ^1.1.0
782 silly placeDep ROOT hasown@2.0.3 OK for: get-intrinsic@1.3.0 want: ^2.0.2
783 silly placeDep ROOT math-intrinsics@1.1.0 OK for: get-intrinsic@1.3.0 want: ^1.1.0
784 silly fetch manifest dunder-proto@^1.0.1
785 silly packumentCache full:https://registry.npmjs.org/dunder-proto cache-miss
786 http fetch GET 200 https://registry.npmjs.org/dunder-proto 128ms (cache miss)
787 silly packumentCache full:https://registry.npmjs.org/dunder-proto set size:undefined disposed:false
788 silly placeDep ROOT dunder-proto@1.0.1 OK for: get-proto@1.0.1 want: ^1.0.1
789 silly placeDep ROOT base64id@2.0.0 OK for: socket.io@4.8.3 want: ~2.0.0
790 silly placeDep node_modules/socket.io debug@4.4.3 OK for: socket.io@4.8.3 want: ~4.4.1
791 silly placeDep ROOT engine.io@6.6.6 OK for: socket.io@4.8.3 want: ~6.6.0
792 silly placeDep ROOT socket.io-adapter@2.5.6 OK for: socket.io@4.8.3 want: ~2.5.2
793 silly placeDep ROOT socket.io-parser@4.2.6 OK for: socket.io@4.8.3 want: ~4.2.4
794 silly fetch manifest @types/cors@^2.8.12
795 silly packumentCache full:https://registry.npmjs.org/@types%2fcors cache-miss
796 silly fetch manifest @types/node@>=10.0.0
797 silly packumentCache full:https://registry.npmjs.org/@types%2fnode cache-miss
798 silly fetch manifest @types/ws@^8.5.12
799 silly packumentCache full:https://registry.npmjs.org/@types%2fws cache-miss
800 silly fetch manifest engine.io-parser@~5.2.1
801 silly packumentCache full:https://registry.npmjs.org/engine.io-parser cache-miss
802 silly fetch manifest ws@~8.18.3
803 silly packumentCache full:https://registry.npmjs.org/ws cache-miss
804 silly fetch manifest ws@~8.18.3
805 silly packumentCache full:https://registry.npmjs.org/ws cache-miss
806 silly fetch manifest @socket.io/component-emitter@~3.1.0
807 silly packumentCache full:https://registry.npmjs.org/@socket.io%2fcomponent-emitter cache-miss
808 http fetch GET 200 https://registry.npmjs.org/@types%2fcors 141ms (cache miss)
809 silly packumentCache full:https://registry.npmjs.org/@types%2fcors set size:undefined disposed:false
810 http fetch GET 200 https://registry.npmjs.org/engine.io-parser 431ms (cache miss)
811 silly packumentCache full:https://registry.npmjs.org/engine.io-parser set size:undefined disposed:false
812 http fetch GET 200 https://registry.npmjs.org/@types%2fws 1430ms (cache miss)
813 silly packumentCache full:https://registry.npmjs.org/@types%2fws set size:undefined disposed:false
814 http fetch GET 200 https://registry.npmjs.org/ws 1787ms (cache miss)
815 silly packumentCache full:https://registry.npmjs.org/ws set size:undefined disposed:false
816 http fetch GET 200 https://registry.npmjs.org/ws 1791ms (cache miss)
817 silly packumentCache full:https://registry.npmjs.org/ws set size:undefined disposed:false
818 http fetch GET 200 https://registry.npmjs.org/@socket.io%2fcomponent-emitter 1793ms (cache miss)
819 silly packumentCache full:https://registry.npmjs.org/@socket.io%2fcomponent-emitter set size:undefined disposed:false
820 http fetch GET 200 https://registry.npmjs.org/@types%2fnode 10199ms (cache miss)
821 silly packumentCache full:https://registry.npmjs.org/@types%2fnode set size:undefined disposed:false
822 silly fetch manifest bufferutil@^4.0.1
823 silly packumentCache full:https://registry.npmjs.org/bufferutil cache-miss
824 http fetch GET 200 https://registry.npmjs.org/bufferutil 456ms (cache miss)
825 silly packumentCache full:https://registry.npmjs.org/bufferutil set size:undefined disposed:false
826 silly fetch manifest utf-8-validate@>=5.0.2
827 silly packumentCache full:https://registry.npmjs.org/utf-8-validate cache-miss
828 http fetch GET 200 https://registry.npmjs.org/utf-8-validate 243ms (cache miss)
829 silly packumentCache full:https://registry.npmjs.org/utf-8-validate set size:undefined disposed:false
830 silly placeDep ROOT @types/cors@2.8.19 OK for: engine.io@6.6.6 want: ^2.8.12
831 silly placeDep ROOT @types/node@25.6.0 OK for: engine.io@6.6.6 want: >=10.0.0
832 silly placeDep ROOT @types/ws@8.18.1 OK for: engine.io@6.6.6 want: ^8.5.12
833 silly placeDep node_modules/engine.io debug@4.4.3 OK for: engine.io@6.6.6 want: ~4.4.1
834 silly placeDep ROOT engine.io-parser@5.2.3 OK for: engine.io@6.6.6 want: ~5.2.1
835 silly placeDep ROOT ws@8.18.3 OK for: engine.io@6.6.6 want: ~8.18.3
836 silly fetch manifest @types/node@*
837 silly packumentCache full:https://registry.npmjs.org/@types%2fnode cache-miss
838 silly fetch manifest undici-types@~7.19.0
839 silly packumentCache full:https://registry.npmjs.org/undici-types cache-miss
840 http cache https://registry.npmjs.org/@types%2fnode 17ms (cache hit)
841 silly packumentCache full:https://registry.npmjs.org/@types%2fnode set size:10972342 disposed:false
842 http fetch GET 200 https://registry.npmjs.org/undici-types 267ms (cache miss)
843 silly packumentCache full:https://registry.npmjs.org/undici-types set size:undefined disposed:false
844 silly placeDep ROOT undici-types@7.19.2 OK for: @types/node@25.6.0 want: ~7.19.0
845 silly placeDep node_modules/socket.io-adapter debug@4.4.3 OK for: socket.io-adapter@2.5.6 want: ~4.4.1
846 silly placeDep ROOT @socket.io/component-emitter@3.1.2 OK for: socket.io-parser@4.2.6 want: ~3.1.0
847 silly placeDep node_modules/socket.io-parser debug@4.4.3 OK for: socket.io-parser@4.2.6 want: ~4.4.1
848 silly placeDep ROOT memory-pager@1.5.0 OK for: sparse-bitfield@3.0.3 want: ^1.0.2
849 silly placeDep ROOT has-flag@3.0.0 OK for: supports-color@5.5.0 want: ^3.0.0
850 silly placeDep ROOT is-number@7.0.0 OK for: to-regex-range@5.0.1 want: ^7.0.0
851 silly placeDep ROOT media-typer@0.3.0 OK for: type-is@1.6.18 want: 0.3.0
852 silly placeDep ROOT tr46@5.1.1 OK for: whatwg-url@14.2.0 want: ^5.1.0
853 silly placeDep ROOT webidl-conversions@7.0.0 OK for: whatwg-url@14.2.0 want: ^7.0.0
854 silly fetch manifest punycode@^2.3.1
855 silly packumentCache full:https://registry.npmjs.org/punycode cache-miss
856 http fetch GET 200 https://registry.npmjs.org/punycode 133ms (cache miss)
857 silly packumentCache full:https://registry.npmjs.org/punycode set size:undefined disposed:false
858 silly placeDep ROOT punycode@2.3.1 OK for: tr46@5.1.1 want: ^2.3.1
859 silly placeDep node_modules/engine.io ms@2.1.3 OK for: debug@4.4.3 want: ^2.1.3
860 silly placeDep node_modules/mquery ms@2.1.3 OK for: debug@4.4.3 want: ^2.1.3
861 silly placeDep node_modules/nodemon ms@2.1.3 OK for: debug@4.4.3 want: ^2.1.3
862 silly placeDep node_modules/socket.io-adapter ms@2.1.3 OK for: debug@4.4.3 want: ^2.1.3
863 silly placeDep node_modules/socket.io-parser ms@2.1.3 OK for: debug@4.4.3 want: ^2.1.3
864 silly placeDep node_modules/socket.io ms@2.1.3 OK for: debug@4.4.3 want: ^2.1.3
865 silly reify moves {}
866 silly audit bulk request {
866 silly audit   bcryptjs: [ '2.4.3' ],
866 silly audit   cors: [ '2.8.6' ],
866 silly audit   dotenv: [ '16.6.1' ],
866 silly audit   express: [ '4.22.1' ],
866 silly audit   jsonwebtoken: [ '9.0.3' ],
866 silly audit   mongoose: [ '8.23.0' ],
866 silly audit   nodemon: [ '3.1.14' ],
866 silly audit   'socket.io': [ '4.8.3' ],
866 silly audit   'object-assign': [ '4.1.1' ],
866 silly audit   vary: [ '1.1.2' ],
866 silly audit   accepts: [ '1.3.8' ],
866 silly audit   'array-flatten': [ '1.1.1' ],
866 silly audit   'body-parser': [ '1.20.4' ],
866 silly audit   'content-disposition': [ '0.5.4' ],
866 silly audit   'content-type': [ '1.0.5' ],
866 silly audit   cookie: [ '0.7.2' ],
866 silly audit   'cookie-signature': [ '1.0.7' ],
866 silly audit   debug: [ '2.6.9', '4.4.3' ],
866 silly audit   depd: [ '2.0.0' ],
866 silly audit   encodeurl: [ '2.0.0' ],
866 silly audit   'escape-html': [ '1.0.3' ],
866 silly audit   etag: [ '1.8.1' ],
866 silly audit   finalhandler: [ '1.3.2' ],
866 silly audit   fresh: [ '0.5.2' ],
866 silly audit   'http-errors': [ '2.0.1' ],
866 silly audit   'merge-descriptors': [ '1.0.3' ],
866 silly audit   methods: [ '1.1.2' ],
866 silly audit   'on-finished': [ '2.4.1' ],
866 silly audit   parseurl: [ '1.3.3' ],
866 silly audit   'path-to-regexp': [ '0.1.13' ],
866 silly audit   'proxy-addr': [ '2.0.7' ],
866 silly audit   qs: [ '6.14.2' ],
866 silly audit   'range-parser': [ '1.2.1' ],
866 silly audit   'safe-buffer': [ '5.2.1' ],
866 silly audit   send: [ '0.19.2' ],
866 silly audit   'serve-static': [ '1.16.3' ],
866 silly audit   setprototypeof: [ '1.2.0' ],
866 silly audit   statuses: [ '2.0.2' ],
866 silly audit   'type-is': [ '1.6.18' ],
866 silly audit   'utils-merge': [ '1.0.1' ],
866 silly audit   'mime-types': [ '2.1.35' ],
866 silly audit   negotiator: [ '0.6.3' ],
866 silly audit   bytes: [ '3.1.2' ],
866 silly audit   destroy: [ '1.2.0' ],
866 silly audit   'iconv-lite': [ '0.4.24' ],
866 silly audit   'raw-body': [ '2.5.3' ],
866 silly audit   unpipe: [ '1.0.0' ],
866 silly audit   ms: [ '2.0.0', '2.1.3' ],
866 silly audit   inherits: [ '2.0.4' ],
866 silly audit   toidentifier: [ '1.0.1' ],
866 silly audit   'safer-buffer': [ '2.1.2' ],
866 silly audit   jws: [ '4.0.1' ],
866 silly audit   'lodash.includes': [ '4.3.0' ],
866 silly audit   'lodash.isboolean': [ '3.0.3' ],
866 silly audit   'lodash.isinteger': [ '4.0.4' ],
866 silly audit   'lodash.isnumber': [ '3.0.3' ],
866 silly audit   'lodash.isplainobject': [ '4.0.6' ],
866 silly audit   'lodash.isstring': [ '4.0.1' ],
866 silly audit   'lodash.once': [ '4.1.1' ],
866 silly audit   semver: [ '7.7.4' ],
866 silly audit   jwa: [ '2.0.1' ],
866 silly audit   'buffer-equal-constant-time': [ '1.0.1' ],
866 silly audit   'ecdsa-sig-formatter': [ '1.0.11' ],
866 silly audit   'mime-db': [ '1.52.0' ],
866 silly audit   bson: [ '6.10.4' ],
866 silly audit   kareem: [ '2.6.3' ],
866 silly audit   mongodb: [ '6.20.0' ],
866 silly audit   mpath: [ '0.9.0' ],
866 silly audit   mquery: [ '5.0.0' ],
866 silly audit   sift: [ '17.1.3' ],
866 silly audit   '@mongodb-js/saslprep': [ '1.4.8' ],
866 silly audit   'mongodb-connection-string-url': [ '3.0.2' ],
866 silly audit   'sparse-bitfield': [ '3.0.3' ],
866 silly audit   '@types/whatwg-url': [ '11.0.5' ],
866 silly audit   'whatwg-url': [ '14.2.0' ],
866 silly audit   '@types/webidl-conversions': [ '7.0.3' ],
866 silly audit   chokidar: [ '3.6.0' ],
866 silly audit   'ignore-by-default': [ '1.0.1' ],
866 silly audit   minimatch: [ '10.2.5' ],
866 silly audit   'pstree.remy': [ '1.1.8' ],
866 silly audit   'simple-update-notifier': [ '2.0.0' ],
866 silly audit   'supports-color': [ '5.5.0' ],
866 silly audit   touch: [ '3.1.1' ],
866 silly audit   undefsafe: [ '2.0.5' ],
866 silly audit   anymatch: [ '3.1.3' ],
866 silly audit   braces: [ '3.0.3' ],
866 silly audit   fsevents: [ '2.3.3' ],
866 silly audit   'glob-parent': [ '5.1.2' ],
866 silly audit   'is-binary-path': [ '2.1.0' ],
866 silly audit   'is-glob': [ '4.0.3' ],
866 silly audit   'normalize-path': [ '3.0.0' ],
866 silly audit   readdirp: [ '3.6.0' ],
866 silly audit   picomatch: [ '2.3.2' ],
866 silly audit   'fill-range': [ '7.1.1' ],
866 silly audit   'to-regex-range': [ '5.0.1' ],
866 silly audit   'binary-extensions': [ '2.3.0' ],
866 silly audit   'is-extglob': [ '2.1.1' ],
866 silly audit   'brace-expansion': [ '5.0.5' ],
866 silly audit   'balanced-match': [ '4.0.4' ],
866 silly audit   'ee-first': [ '1.1.1' ],
866 silly audit   forwarded: [ '0.2.0' ],
866 silly audit   'ipaddr.js': [ '1.9.1' ],
866 silly audit   'side-channel': [ '1.1.0' ],
866 silly audit   mime: [ '1.6.0' ],
866 silly audit   'es-errors': [ '1.3.0' ],
866 silly audit   'object-inspect': [ '1.13.4' ],
866 silly audit   'side-channel-list': [ '1.0.1' ],
866 silly audit   'side-channel-map': [ '1.0.1' ],
866 silly audit   'side-channel-weakmap': [ '1.0.2' ],
866 silly audit   'call-bound': [ '1.0.4' ],
866 silly audit   'get-intrinsic': [ '1.3.0' ],
866 silly audit   'call-bind-apply-helpers': [ '1.0.2' ],
866 silly audit   'function-bind': [ '1.1.2' ],
866 silly audit   'es-define-property': [ '1.0.1' ],
866 silly audit   'es-object-atoms': [ '1.1.1' ],
866 silly audit   'get-proto': [ '1.0.1' ],
866 silly audit   gopd: [ '1.2.0' ],
866 silly audit   'has-symbols': [ '1.1.0' ],
866 silly audit   hasown: [ '2.0.3' ],
866 silly audit   'math-intrinsics': [ '1.1.0' ],
866 silly audit   'dunder-proto': [ '1.0.1' ],
866 silly audit   base64id: [ '2.0.0' ],
866 silly audit   'engine.io': [ '6.6.6' ],
866 silly audit   'socket.io-adapter': [ '2.5.6' ],
866 silly audit   'socket.io-parser': [ '4.2.6' ],
866 silly audit   '@types/cors': [ '2.8.19' ],
866 silly audit   '@types/node': [ '25.6.0' ],
866 silly audit   '@types/ws': [ '8.18.1' ],
866 silly audit   'engine.io-parser': [ '5.2.3' ],
866 silly audit   ws: [ '8.18.3' ],
866 silly audit   'undici-types': [ '7.19.2' ],
866 silly audit   '@socket.io/component-emitter': [ '3.1.2' ],
866 silly audit   'memory-pager': [ '1.5.0' ],
866 silly audit   'has-flag': [ '3.0.0' ],
866 silly audit   'is-number': [ '7.0.0' ],
866 silly audit   'media-typer': [ '0.3.0' ],
866 silly audit   tr46: [ '5.1.1' ],
866 silly audit   'webidl-conversions': [ '7.0.0' ],
866 silly audit   punycode: [ '2.3.1' ]
866 silly audit }
867 http cache punycode@https://registry.npmjs.org/punycode/-/punycode-2.3.1.tgz 0ms (cache hit)
868 http cache webidl-conversions@https://registry.npmjs.org/webidl-conversions/-/webidl-conversions-7.0.0.tgz 0ms (cache hit)
869 http cache tr46@https://registry.npmjs.org/tr46/-/tr46-5.1.1.tgz 0ms (cache hit)
870 http cache is-number@https://registry.npmjs.org/is-number/-/is-number-7.0.0.tgz 0ms (cache hit)
871 http cache has-flag@https://registry.npmjs.org/has-flag/-/has-flag-3.0.0.tgz 0ms (cache hit)
872 http cache @socket.io/component-emitter@https://registry.npmjs.org/@socket.io/component-emitter/-/component-emitter-3.1.2.tgz 0ms (cache hit)
873 http cache @types/ws@https://registry.npmjs.org/@types/ws/-/ws-8.18.1.tgz 0ms (cache hit)
874 http cache undici-types@https://registry.npmjs.org/undici-types/-/undici-types-7.19.2.tgz 0ms (cache hit)
875 http cache media-typer@https://registry.npmjs.org/media-typer/-/media-typer-0.3.0.tgz 0ms (cache hit)
876 http cache @types/node@https://registry.npmjs.org/@types/node/-/node-25.6.0.tgz 0ms (cache hit)
877 http cache @types/cors@https://registry.npmjs.org/@types/cors/-/cors-2.8.19.tgz 0ms (cache hit)
878 http cache ws@https://registry.npmjs.org/ws/-/ws-8.18.3.tgz 0ms (cache hit)
879 http cache memory-pager@https://registry.npmjs.org/memory-pager/-/memory-pager-1.5.0.tgz 0ms (cache hit)
880 http cache engine.io-parser@https://registry.npmjs.org/engine.io-parser/-/engine.io-parser-5.2.3.tgz 0ms (cache hit)
881 http cache socket.io-parser@https://registry.npmjs.org/socket.io-parser/-/socket.io-parser-4.2.6.tgz 0ms (cache hit)
882 http cache socket.io-adapter@https://registry.npmjs.org/socket.io-adapter/-/socket.io-adapter-2.5.6.tgz 0ms (cache hit)
883 http cache hasown@https://registry.npmjs.org/hasown/-/hasown-2.0.3.tgz 0ms (cache hit)
884 http cache dunder-proto@https://registry.npmjs.org/dunder-proto/-/dunder-proto-1.0.1.tgz 0ms (cache hit)
885 http cache gopd@https://registry.npmjs.org/gopd/-/gopd-1.2.0.tgz 0ms (cache hit)
886 http cache engine.io@https://registry.npmjs.org/engine.io/-/engine.io-6.6.6.tgz 0ms (cache hit)
887 http cache math-intrinsics@https://registry.npmjs.org/math-intrinsics/-/math-intrinsics-1.1.0.tgz 0ms (cache hit)
888 http cache get-proto@https://registry.npmjs.org/get-proto/-/get-proto-1.0.1.tgz 0ms (cache hit)
889 http cache es-object-atoms@https://registry.npmjs.org/es-object-atoms/-/es-object-atoms-1.1.1.tgz 0ms (cache hit)
890 http cache es-define-property@https://registry.npmjs.org/es-define-property/-/es-define-property-1.0.1.tgz 0ms (cache hit)
891 http cache function-bind@https://registry.npmjs.org/function-bind/-/function-bind-1.1.2.tgz 0ms (cache hit)
892 http cache call-bind-apply-helpers@https://registry.npmjs.org/call-bind-apply-helpers/-/call-bind-apply-helpers-1.0.2.tgz 0ms (cache hit)
893 http cache call-bound@https://registry.npmjs.org/call-bound/-/call-bound-1.0.4.tgz 0ms (cache hit)
894 http cache side-channel-weakmap@https://registry.npmjs.org/side-channel-weakmap/-/side-channel-weakmap-1.0.2.tgz 0ms (cache hit)
895 http cache side-channel-map@https://registry.npmjs.org/side-channel-map/-/side-channel-map-1.0.1.tgz 0ms (cache hit)
896 http cache side-channel-list@https://registry.npmjs.org/side-channel-list/-/side-channel-list-1.0.1.tgz 0ms (cache hit)
897 http cache object-inspect@https://registry.npmjs.org/object-inspect/-/object-inspect-1.13.4.tgz 0ms (cache hit)
898 http cache es-errors@https://registry.npmjs.org/es-errors/-/es-errors-1.3.0.tgz 0ms (cache hit)
899 http cache mime@https://registry.npmjs.org/mime/-/mime-1.6.0.tgz 0ms (cache hit)
900 http cache side-channel@https://registry.npmjs.org/side-channel/-/side-channel-1.1.0.tgz 0ms (cache hit)
901 http cache ipaddr.js@https://registry.npmjs.org/ipaddr.js/-/ipaddr.js-1.9.1.tgz 0ms (cache hit)
902 http cache ee-first@https://registry.npmjs.org/ee-first/-/ee-first-1.1.1.tgz 0ms (cache hit)
903 http cache forwarded@https://registry.npmjs.org/forwarded/-/forwarded-0.2.0.tgz 0ms (cache hit)
904 http cache balanced-match@https://registry.npmjs.org/balanced-match/-/balanced-match-4.0.4.tgz 0ms (cache hit)
905 http cache brace-expansion@https://registry.npmjs.org/brace-expansion/-/brace-expansion-5.0.5.tgz 0ms (cache hit)
906 http cache is-extglob@https://registry.npmjs.org/is-extglob/-/is-extglob-2.1.1.tgz 0ms (cache hit)
907 http cache binary-extensions@https://registry.npmjs.org/binary-extensions/-/binary-extensions-2.3.0.tgz 0ms (cache hit)
908 http cache to-regex-range@https://registry.npmjs.org/to-regex-range/-/to-regex-range-5.0.1.tgz 0ms (cache hit)
909 http cache fill-range@https://registry.npmjs.org/fill-range/-/fill-range-7.1.1.tgz 0ms (cache hit)
910 http cache readdirp@https://registry.npmjs.org/readdirp/-/readdirp-3.6.0.tgz 0ms (cache hit)
911 http cache picomatch@https://registry.npmjs.org/picomatch/-/picomatch-2.3.2.tgz 0ms (cache hit)
912 http cache normalize-path@https://registry.npmjs.org/normalize-path/-/normalize-path-3.0.0.tgz 0ms (cache hit)
913 http cache is-glob@https://registry.npmjs.org/is-glob/-/is-glob-4.0.3.tgz 0ms (cache hit)
914 http cache is-binary-path@https://registry.npmjs.org/is-binary-path/-/is-binary-path-2.1.0.tgz 0ms (cache hit)
915 http cache glob-parent@https://registry.npmjs.org/glob-parent/-/glob-parent-5.1.2.tgz 0ms (cache hit)
916 http cache braces@https://registry.npmjs.org/braces/-/braces-3.0.3.tgz 0ms (cache hit)
917 http cache anymatch@https://registry.npmjs.org/anymatch/-/anymatch-3.1.3.tgz 0ms (cache hit)
918 http cache undefsafe@https://registry.npmjs.org/undefsafe/-/undefsafe-2.0.5.tgz 0ms (cache hit)
919 http cache touch@https://registry.npmjs.org/touch/-/touch-3.1.1.tgz 0ms (cache hit)
920 http cache supports-color@https://registry.npmjs.org/supports-color/-/supports-color-5.5.0.tgz 0ms (cache hit)
921 http cache simple-update-notifier@https://registry.npmjs.org/simple-update-notifier/-/simple-update-notifier-2.0.0.tgz 0ms (cache hit)
922 http cache pstree.remy@https://registry.npmjs.org/pstree.remy/-/pstree.remy-1.1.8.tgz 0ms (cache hit)
923 http cache @types/webidl-conversions@https://registry.npmjs.org/@types/webidl-conversions/-/webidl-conversions-7.0.3.tgz 0ms (cache hit)
924 http cache minimatch@https://registry.npmjs.org/minimatch/-/minimatch-10.2.5.tgz 0ms (cache hit)
925 http cache ignore-by-default@https://registry.npmjs.org/ignore-by-default/-/ignore-by-default-1.0.1.tgz 0ms (cache hit)
926 http cache @types/whatwg-url@https://registry.npmjs.org/@types/whatwg-url/-/whatwg-url-11.0.5.tgz 0ms (cache hit)
927 http cache chokidar@https://registry.npmjs.org/chokidar/-/chokidar-3.6.0.tgz 0ms (cache hit)
928 http cache @mongodb-js/saslprep@https://registry.npmjs.org/@mongodb-js/saslprep/-/saslprep-1.4.8.tgz 0ms (cache hit)
929 http cache whatwg-url@https://registry.npmjs.org/whatwg-url/-/whatwg-url-14.2.0.tgz 0ms (cache hit)
930 http cache sparse-bitfield@https://registry.npmjs.org/sparse-bitfield/-/sparse-bitfield-3.0.3.tgz 0ms (cache hit)
931 http cache mongodb-connection-string-url@https://registry.npmjs.org/mongodb-connection-string-url/-/mongodb-connection-string-url-3.0.2.tgz 0ms (cache hit)
932 http cache sift@https://registry.npmjs.org/sift/-/sift-17.1.3.tgz 0ms (cache hit)
933 http cache mquery@https://registry.npmjs.org/mquery/-/mquery-5.0.0.tgz 0ms (cache hit)
934 http cache mpath@https://registry.npmjs.org/mpath/-/mpath-0.9.0.tgz 0ms (cache hit)
935 http cache mongodb@https://registry.npmjs.org/mongodb/-/mongodb-6.20.0.tgz 0ms (cache hit)
936 http cache kareem@https://registry.npmjs.org/kareem/-/kareem-2.6.3.tgz 0ms (cache hit)
937 http cache mime-db@https://registry.npmjs.org/mime-db/-/mime-db-1.52.0.tgz 0ms (cache hit)
938 http cache ecdsa-sig-formatter@https://registry.npmjs.org/ecdsa-sig-formatter/-/ecdsa-sig-formatter-1.0.11.tgz 0ms (cache hit)
939 http cache has-symbols@https://registry.npmjs.org/has-symbols/-/has-symbols-1.1.0.tgz 0ms (cache hit)
940 http cache bson@https://registry.npmjs.org/bson/-/bson-6.10.4.tgz 0ms (cache hit)
941 http cache get-intrinsic@https://registry.npmjs.org/get-intrinsic/-/get-intrinsic-1.3.0.tgz 0ms (cache hit)
942 http cache semver@https://registry.npmjs.org/semver/-/semver-7.7.4.tgz 0ms (cache hit)
943 http cache jwa@https://registry.npmjs.org/jwa/-/jwa-2.0.1.tgz 0ms (cache hit)
944 http cache base64id@https://registry.npmjs.org/base64id/-/base64id-2.0.0.tgz 0ms (cache hit)
945 http cache lodash.once@https://registry.npmjs.org/lodash.once/-/lodash.once-4.1.1.tgz 0ms (cache hit)
946 http cache lodash.isstring@https://registry.npmjs.org/lodash.isstring/-/lodash.isstring-4.0.1.tgz 0ms (cache hit)
947 http cache buffer-equal-constant-time@https://registry.npmjs.org/buffer-equal-constant-time/-/buffer-equal-constant-time-1.0.1.tgz 0ms (cache hit)
948 http cache lodash.isnumber@https://registry.npmjs.org/lodash.isnumber/-/lodash.isnumber-3.0.3.tgz 0ms (cache hit)
949 http cache lodash.isinteger@https://registry.npmjs.org/lodash.isinteger/-/lodash.isinteger-4.0.4.tgz 0ms (cache hit)
950 http cache lodash.isboolean@https://registry.npmjs.org/lodash.isboolean/-/lodash.isboolean-3.0.3.tgz 0ms (cache hit)
951 http cache lodash.includes@https://registry.npmjs.org/lodash.includes/-/lodash.includes-4.3.0.tgz 0ms (cache hit)
952 http cache safer-buffer@https://registry.npmjs.org/safer-buffer/-/safer-buffer-2.1.2.tgz 0ms (cache hit)
953 http cache toidentifier@https://registry.npmjs.org/toidentifier/-/toidentifier-1.0.1.tgz 0ms (cache hit)
954 http cache lodash.isplainobject@https://registry.npmjs.org/lodash.isplainobject/-/lodash.isplainobject-4.0.6.tgz 0ms (cache hit)
955 http cache inherits@https://registry.npmjs.org/inherits/-/inherits-2.0.4.tgz 0ms (cache hit)
956 http cache ms@https://registry.npmjs.org/ms/-/ms-2.0.0.tgz 0ms (cache hit)
957 http cache jws@https://registry.npmjs.org/jws/-/jws-4.0.1.tgz 0ms (cache hit)
958 http cache unpipe@https://registry.npmjs.org/unpipe/-/unpipe-1.0.0.tgz 0ms (cache hit)
959 http cache raw-body@https://registry.npmjs.org/raw-body/-/raw-body-2.5.3.tgz 1ms (cache hit)
960 http cache iconv-lite@https://registry.npmjs.org/iconv-lite/-/iconv-lite-0.4.24.tgz 0ms (cache hit)
961 http cache destroy@https://registry.npmjs.org/destroy/-/destroy-1.2.0.tgz 0ms (cache hit)
962 http cache negotiator@https://registry.npmjs.org/negotiator/-/negotiator-0.6.3.tgz 0ms (cache hit)
963 http cache utils-merge@https://registry.npmjs.org/utils-merge/-/utils-merge-1.0.1.tgz 0ms (cache hit)
964 http cache bytes@https://registry.npmjs.org/bytes/-/bytes-3.1.2.tgz 0ms (cache hit)
965 http cache mime-types@https://registry.npmjs.org/mime-types/-/mime-types-2.1.35.tgz 0ms (cache hit)
966 http cache type-is@https://registry.npmjs.org/type-is/-/type-is-1.6.18.tgz 0ms (cache hit)
967 http cache serve-static@https://registry.npmjs.org/serve-static/-/serve-static-1.16.3.tgz 0ms (cache hit)
968 http cache setprototypeof@https://registry.npmjs.org/setprototypeof/-/setprototypeof-1.2.0.tgz 0ms (cache hit)
969 http cache statuses@https://registry.npmjs.org/statuses/-/statuses-2.0.2.tgz 0ms (cache hit)
970 http cache safe-buffer@https://registry.npmjs.org/safe-buffer/-/safe-buffer-5.2.1.tgz 0ms (cache hit)
971 http cache send@https://registry.npmjs.org/send/-/send-0.19.2.tgz 0ms (cache hit)
972 http cache range-parser@https://registry.npmjs.org/range-parser/-/range-parser-1.2.1.tgz 0ms (cache hit)
973 http cache qs@https://registry.npmjs.org/qs/-/qs-6.14.2.tgz 0ms (cache hit)
974 http cache path-to-regexp@https://registry.npmjs.org/path-to-regexp/-/path-to-regexp-0.1.13.tgz 0ms (cache hit)
975 http cache proxy-addr@https://registry.npmjs.org/proxy-addr/-/proxy-addr-2.0.7.tgz 0ms (cache hit)
976 http cache parseurl@https://registry.npmjs.org/parseurl/-/parseurl-1.3.3.tgz 0ms (cache hit)
977 http cache methods@https://registry.npmjs.org/methods/-/methods-1.1.2.tgz 0ms (cache hit)
978 http cache on-finished@https://registry.npmjs.org/on-finished/-/on-finished-2.4.1.tgz 0ms (cache hit)
979 http cache merge-descriptors@https://registry.npmjs.org/merge-descriptors/-/merge-descriptors-1.0.3.tgz 0ms (cache hit)
980 http cache http-errors@https://registry.npmjs.org/http-errors/-/http-errors-2.0.1.tgz 0ms (cache hit)
981 http cache finalhandler@https://registry.npmjs.org/finalhandler/-/finalhandler-1.3.2.tgz 0ms (cache hit)
982 http cache etag@https://registry.npmjs.org/etag/-/etag-1.8.1.tgz 0ms (cache hit)
983 http cache escape-html@https://registry.npmjs.org/escape-html/-/escape-html-1.0.3.tgz 0ms (cache hit)
984 http cache encodeurl@https://registry.npmjs.org/encodeurl/-/encodeurl-2.0.0.tgz 0ms (cache hit)
985 http cache depd@https://registry.npmjs.org/depd/-/depd-2.0.0.tgz 0ms (cache hit)
986 http cache fresh@https://registry.npmjs.org/fresh/-/fresh-0.5.2.tgz 0ms (cache hit)
987 http cache debug@https://registry.npmjs.org/debug/-/debug-2.6.9.tgz 0ms (cache hit)
988 http cache cookie-signature@https://registry.npmjs.org/cookie-signature/-/cookie-signature-1.0.7.tgz 0ms (cache hit)
989 http cache cookie@https://registry.npmjs.org/cookie/-/cookie-0.7.2.tgz 0ms (cache hit)
990 http cache content-type@https://registry.npmjs.org/content-type/-/content-type-1.0.5.tgz 0ms (cache hit)
991 http cache content-disposition@https://registry.npmjs.org/content-disposition/-/content-disposition-0.5.4.tgz 0ms (cache hit)
992 http cache body-parser@https://registry.npmjs.org/body-parser/-/body-parser-1.20.4.tgz 0ms (cache hit)
993 http cache array-flatten@https://registry.npmjs.org/array-flatten/-/array-flatten-1.1.1.tgz 0ms (cache hit)
994 http cache accepts@https://registry.npmjs.org/accepts/-/accepts-1.3.8.tgz 0ms (cache hit)
995 http cache vary@https://registry.npmjs.org/vary/-/vary-1.1.2.tgz 0ms (cache hit)
996 http cache object-assign@https://registry.npmjs.org/object-assign/-/object-assign-4.1.1.tgz 0ms (cache hit)
997 http cache socket.io@https://registry.npmjs.org/socket.io/-/socket.io-4.8.3.tgz 0ms (cache hit)
998 http cache nodemon@https://registry.npmjs.org/nodemon/-/nodemon-3.1.14.tgz 0ms (cache hit)
999 http cache mongoose@https://registry.npmjs.org/mongoose/-/mongoose-8.23.0.tgz 0ms (cache hit)
1000 http cache jsonwebtoken@https://registry.npmjs.org/jsonwebtoken/-/jsonwebtoken-9.0.3.tgz 0ms (cache hit)
1001 http cache express@https://registry.npmjs.org/express/-/express-4.22.1.tgz 0ms (cache hit)
1002 http cache ms@https://registry.npmjs.org/ms/-/ms-2.1.3.tgz 0ms (cache hit)
1003 http cache dotenv@https://registry.npmjs.org/dotenv/-/dotenv-16.6.1.tgz 0ms (cache hit)
1004 http cache ms@https://registry.npmjs.org/ms/-/ms-2.1.3.tgz 0ms (cache hit)
1005 http cache cors@https://registry.npmjs.org/cors/-/cors-2.8.6.tgz 0ms (cache hit)
1006 http cache debug@https://registry.npmjs.org/debug/-/debug-4.4.3.tgz 0ms (cache hit)
1007 http cache debug@https://registry.npmjs.org/debug/-/debug-4.4.3.tgz 0ms (cache hit)
1008 http cache bcryptjs@https://registry.npmjs.org/bcryptjs/-/bcryptjs-2.4.3.tgz 0ms (cache hit)
1009 http cache debug@https://registry.npmjs.org/debug/-/debug-4.4.3.tgz 0ms (cache hit)
1010 http cache ms@https://registry.npmjs.org/ms/-/ms-2.1.3.tgz 0ms (cache hit)
1011 http cache ms@https://registry.npmjs.org/ms/-/ms-2.1.3.tgz 0ms (cache hit)
1012 http cache debug@https://registry.npmjs.org/debug/-/debug-4.4.3.tgz 0ms (cache hit)
1013 http cache ms@https://registry.npmjs.org/ms/-/ms-2.1.3.tgz 0ms (cache hit)
1014 http cache ms@https://registry.npmjs.org/ms/-/ms-2.1.3.tgz 0ms (cache hit)
1015 http cache ms@https://registry.npmjs.org/ms/-/ms-2.1.3.tgz 0ms (cache hit)
1016 http cache ms@https://registry.npmjs.org/ms/-/ms-2.1.3.tgz 0ms (cache hit)
1017 http cache debug@https://registry.npmjs.org/debug/-/debug-4.4.3.tgz 0ms (cache hit)
1018 http cache ms@https://registry.npmjs.org/ms/-/ms-2.1.3.tgz 0ms (cache hit)
1019 http cache debug@https://registry.npmjs.org/debug/-/debug-4.4.3.tgz 0ms (cache hit)
1020 silly tarball no local data for punycode@https://registry.npmjs.org/punycode/-/punycode-2.3.1.tgz. Extracting by manifest.
1021 silly tarball no local data for webidl-conversions@https://registry.npmjs.org/webidl-conversions/-/webidl-conversions-7.0.0.tgz. Extracting by manifest.
1022 silly tarball no local data for tr46@https://registry.npmjs.org/tr46/-/tr46-5.1.1.tgz. Extracting by manifest.
1023 silly tarball no local data for is-number@https://registry.npmjs.org/is-number/-/is-number-7.0.0.tgz. Extracting by manifest.
1024 silly tarball no local data for has-flag@https://registry.npmjs.org/has-flag/-/has-flag-3.0.0.tgz. Extracting by manifest.
1025 silly tarball no local data for @socket.io/component-emitter@https://registry.npmjs.org/@socket.io/component-emitter/-/component-emitter-3.1.2.tgz. Extracting by manifest.
1026 silly tarball no local data for @types/ws@https://registry.npmjs.org/@types/ws/-/ws-8.18.1.tgz. Extracting by manifest.
1027 silly tarball no local data for undici-types@https://registry.npmjs.org/undici-types/-/undici-types-7.19.2.tgz. Extracting by manifest.
1028 silly tarball no local data for media-typer@https://registry.npmjs.org/media-typer/-/media-typer-0.3.0.tgz. Extracting by manifest.
1029 silly tarball no local data for @types/node@https://registry.npmjs.org/@types/node/-/node-25.6.0.tgz. Extracting by manifest.
1030 silly tarball no local data for @types/cors@https://registry.npmjs.org/@types/cors/-/cors-2.8.19.tgz. Extracting by manifest.
1031 silly tarball no local data for ws@https://registry.npmjs.org/ws/-/ws-8.18.3.tgz. Extracting by manifest.
1032 silly tarball no local data for memory-pager@https://registry.npmjs.org/memory-pager/-/memory-pager-1.5.0.tgz. Extracting by manifest.
1033 silly tarball no local data for engine.io-parser@https://registry.npmjs.org/engine.io-parser/-/engine.io-parser-5.2.3.tgz. Extracting by manifest.
1034 silly tarball no local data for socket.io-parser@https://registry.npmjs.org/socket.io-parser/-/socket.io-parser-4.2.6.tgz. Extracting by manifest.
1035 silly tarball no local data for socket.io-adapter@https://registry.npmjs.org/socket.io-adapter/-/socket.io-adapter-2.5.6.tgz. Extracting by manifest.
1036 silly tarball no local data for hasown@https://registry.npmjs.org/hasown/-/hasown-2.0.3.tgz. Extracting by manifest.
1037 silly tarball no local data for dunder-proto@https://registry.npmjs.org/dunder-proto/-/dunder-proto-1.0.1.tgz. Extracting by manifest.
1038 silly tarball no local data for gopd@https://registry.npmjs.org/gopd/-/gopd-1.2.0.tgz. Extracting by manifest.
1039 silly tarball no local data for engine.io@https://registry.npmjs.org/engine.io/-/engine.io-6.6.6.tgz. Extracting by manifest.
1040 silly tarball no local data for math-intrinsics@https://registry.npmjs.org/math-intrinsics/-/math-intrinsics-1.1.0.tgz. Extracting by manifest.
1041 silly tarball no local data for get-proto@https://registry.npmjs.org/get-proto/-/get-proto-1.0.1.tgz. Extracting by manifest.
1042 silly tarball no local data for es-object-atoms@https://registry.npmjs.org/es-object-atoms/-/es-object-atoms-1.1.1.tgz. Extracting by manifest.
1043 silly tarball no local data for es-define-property@https://registry.npmjs.org/es-define-property/-/es-define-property-1.0.1.tgz. Extracting by manifest.
1044 silly tarball no local data for function-bind@https://registry.npmjs.org/function-bind/-/function-bind-1.1.2.tgz. Extracting by manifest.
1045 silly tarball no local data for call-bind-apply-helpers@https://registry.npmjs.org/call-bind-apply-helpers/-/call-bind-apply-helpers-1.0.2.tgz. Extracting by manifest.
1046 silly tarball no local data for call-bound@https://registry.npmjs.org/call-bound/-/call-bound-1.0.4.tgz. Extracting by manifest.
1047 silly tarball no local data for side-channel-weakmap@https://registry.npmjs.org/side-channel-weakmap/-/side-channel-weakmap-1.0.2.tgz. Extracting by manifest.
1048 silly tarball no local data for side-channel-map@https://registry.npmjs.org/side-channel-map/-/side-channel-map-1.0.1.tgz. Extracting by manifest.
1049 silly tarball no local data for side-channel-list@https://registry.npmjs.org/side-channel-list/-/side-channel-list-1.0.1.tgz. Extracting by manifest.
1050 silly tarball no local data for object-inspect@https://registry.npmjs.org/object-inspect/-/object-inspect-1.13.4.tgz. Extracting by manifest.
1051 silly tarball no local data for es-errors@https://registry.npmjs.org/es-errors/-/es-errors-1.3.0.tgz. Extracting by manifest.
1052 silly tarball no local data for mime@https://registry.npmjs.org/mime/-/mime-1.6.0.tgz. Extracting by manifest.
1053 silly tarball no local data for side-channel@https://registry.npmjs.org/side-channel/-/side-channel-1.1.0.tgz. Extracting by manifest.
1054 silly tarball no local data for ipaddr.js@https://registry.npmjs.org/ipaddr.js/-/ipaddr.js-1.9.1.tgz. Extracting by manifest.
1055 silly tarball no local data for ee-first@https://registry.npmjs.org/ee-first/-/ee-first-1.1.1.tgz. Extracting by manifest.
1056 silly tarball no local data for forwarded@https://registry.npmjs.org/forwarded/-/forwarded-0.2.0.tgz. Extracting by manifest.
1057 silly tarball no local data for balanced-match@https://registry.npmjs.org/balanced-match/-/balanced-match-4.0.4.tgz. Extracting by manifest.
1058 silly tarball no local data for brace-expansion@https://registry.npmjs.org/brace-expansion/-/brace-expansion-5.0.5.tgz. Extracting by manifest.
1059 silly tarball no local data for is-extglob@https://registry.npmjs.org/is-extglob/-/is-extglob-2.1.1.tgz. Extracting by manifest.
1060 silly tarball no local data for binary-extensions@https://registry.npmjs.org/binary-extensions/-/binary-extensions-2.3.0.tgz. Extracting by manifest.
1061 silly tarball no local data for to-regex-range@https://registry.npmjs.org/to-regex-range/-/to-regex-range-5.0.1.tgz. Extracting by manifest.
1062 silly tarball no local data for fill-range@https://registry.npmjs.org/fill-range/-/fill-range-7.1.1.tgz. Extracting by manifest.
1063 silly tarball no local data for readdirp@https://registry.npmjs.org/readdirp/-/readdirp-3.6.0.tgz. Extracting by manifest.
1064 silly tarball no local data for picomatch@https://registry.npmjs.org/picomatch/-/picomatch-2.3.2.tgz. Extracting by manifest.
1065 silly tarball no local data for normalize-path@https://registry.npmjs.org/normalize-path/-/normalize-path-3.0.0.tgz. Extracting by manifest.
1066 silly tarball no local data for is-glob@https://registry.npmjs.org/is-glob/-/is-glob-4.0.3.tgz. Extracting by manifest.
1067 silly tarball no local data for is-binary-path@https://registry.npmjs.org/is-binary-path/-/is-binary-path-2.1.0.tgz. Extracting by manifest.
1068 silly tarball no local data for glob-parent@https://registry.npmjs.org/glob-parent/-/glob-parent-5.1.2.tgz. Extracting by manifest.
1069 silly tarball no local data for braces@https://registry.npmjs.org/braces/-/braces-3.0.3.tgz. Extracting by manifest.
1070 silly tarball no local data for anymatch@https://registry.npmjs.org/anymatch/-/anymatch-3.1.3.tgz. Extracting by manifest.
1071 silly tarball no local data for undefsafe@https://registry.npmjs.org/undefsafe/-/undefsafe-2.0.5.tgz. Extracting by manifest.
1072 silly tarball no local data for touch@https://registry.npmjs.org/touch/-/touch-3.1.1.tgz. Extracting by manifest.
1073 silly tarball no local data for supports-color@https://registry.npmjs.org/supports-color/-/supports-color-5.5.0.tgz. Extracting by manifest.
1074 silly tarball no local data for simple-update-notifier@https://registry.npmjs.org/simple-update-notifier/-/simple-update-notifier-2.0.0.tgz. Extracting by manifest.
1075 silly tarball no local data for pstree.remy@https://registry.npmjs.org/pstree.remy/-/pstree.remy-1.1.8.tgz. Extracting by manifest.
1076 silly tarball no local data for @types/webidl-conversions@https://registry.npmjs.org/@types/webidl-conversions/-/webidl-conversions-7.0.3.tgz. Extracting by manifest.
1077 silly tarball no local data for minimatch@https://registry.npmjs.org/minimatch/-/minimatch-10.2.5.tgz. Extracting by manifest.
1078 silly tarball no local data for ignore-by-default@https://registry.npmjs.org/ignore-by-default/-/ignore-by-default-1.0.1.tgz. Extracting by manifest.
1079 silly tarball no local data for @types/whatwg-url@https://registry.npmjs.org/@types/whatwg-url/-/whatwg-url-11.0.5.tgz. Extracting by manifest.
1080 silly tarball no local data for chokidar@https://registry.npmjs.org/chokidar/-/chokidar-3.6.0.tgz. Extracting by manifest.
1081 silly tarball no local data for @mongodb-js/saslprep@https://registry.npmjs.org/@mongodb-js/saslprep/-/saslprep-1.4.8.tgz. Extracting by manifest.
1082 silly tarball no local data for whatwg-url@https://registry.npmjs.org/whatwg-url/-/whatwg-url-14.2.0.tgz. Extracting by manifest.
1083 silly tarball no local data for sparse-bitfield@https://registry.npmjs.org/sparse-bitfield/-/sparse-bitfield-3.0.3.tgz. Extracting by manifest.
1084 silly tarball no local data for mongodb-connection-string-url@https://registry.npmjs.org/mongodb-connection-string-url/-/mongodb-connection-string-url-3.0.2.tgz. Extracting by manifest.
1085 silly tarball no local data for sift@https://registry.npmjs.org/sift/-/sift-17.1.3.tgz. Extracting by manifest.
1086 silly tarball no local data for mquery@https://registry.npmjs.org/mquery/-/mquery-5.0.0.tgz. Extracting by manifest.
1087 silly tarball no local data for mpath@https://registry.npmjs.org/mpath/-/mpath-0.9.0.tgz. Extracting by manifest.
1088 silly tarball no local data for mongodb@https://registry.npmjs.org/mongodb/-/mongodb-6.20.0.tgz. Extracting by manifest.
1089 silly tarball no local data for kareem@https://registry.npmjs.org/kareem/-/kareem-2.6.3.tgz. Extracting by manifest.
1090 silly tarball no local data for mime-db@https://registry.npmjs.org/mime-db/-/mime-db-1.52.0.tgz. Extracting by manifest.
1091 silly tarball no local data for ecdsa-sig-formatter@https://registry.npmjs.org/ecdsa-sig-formatter/-/ecdsa-sig-formatter-1.0.11.tgz. Extracting by manifest.
1092 silly tarball no local data for has-symbols@https://registry.npmjs.org/has-symbols/-/has-symbols-1.1.0.tgz. Extracting by manifest.
1093 silly tarball no local data for bson@https://registry.npmjs.org/bson/-/bson-6.10.4.tgz. Extracting by manifest.
1094 silly tarball no local data for get-intrinsic@https://registry.npmjs.org/get-intrinsic/-/get-intrinsic-1.3.0.tgz. Extracting by manifest.
1095 silly tarball no local data for semver@https://registry.npmjs.org/semver/-/semver-7.7.4.tgz. Extracting by manifest.
1096 silly tarball no local data for jwa@https://registry.npmjs.org/jwa/-/jwa-2.0.1.tgz. Extracting by manifest.
1097 silly tarball no local data for base64id@https://registry.npmjs.org/base64id/-/base64id-2.0.0.tgz. Extracting by manifest.
1098 silly tarball no local data for lodash.once@https://registry.npmjs.org/lodash.once/-/lodash.once-4.1.1.tgz. Extracting by manifest.
1099 silly tarball no local data for lodash.isstring@https://registry.npmjs.org/lodash.isstring/-/lodash.isstring-4.0.1.tgz. Extracting by manifest.
1100 silly tarball no local data for buffer-equal-constant-time@https://registry.npmjs.org/buffer-equal-constant-time/-/buffer-equal-constant-time-1.0.1.tgz. Extracting by manifest.
1101 silly tarball no local data for lodash.isnumber@https://registry.npmjs.org/lodash.isnumber/-/lodash.isnumber-3.0.3.tgz. Extracting by manifest.
1102 silly tarball no local data for lodash.isinteger@https://registry.npmjs.org/lodash.isinteger/-/lodash.isinteger-4.0.4.tgz. Extracting by manifest.
1103 silly tarball no local data for lodash.isboolean@https://registry.npmjs.org/lodash.isboolean/-/lodash.isboolean-3.0.3.tgz. Extracting by manifest.
1104 silly tarball no local data for lodash.includes@https://registry.npmjs.org/lodash.includes/-/lodash.includes-4.3.0.tgz. Extracting by manifest.
1105 silly tarball no local data for safer-buffer@https://registry.npmjs.org/safer-buffer/-/safer-buffer-2.1.2.tgz. Extracting by manifest.
1106 silly tarball no local data for toidentifier@https://registry.npmjs.org/toidentifier/-/toidentifier-1.0.1.tgz. Extracting by manifest.
1107 silly tarball no local data for lodash.isplainobject@https://registry.npmjs.org/lodash.isplainobject/-/lodash.isplainobject-4.0.6.tgz. Extracting by manifest.
1108 silly tarball no local data for inherits@https://registry.npmjs.org/inherits/-/inherits-2.0.4.tgz. Extracting by manifest.
1109 silly tarball no local data for ms@https://registry.npmjs.org/ms/-/ms-2.0.0.tgz. Extracting by manifest.
1110 silly tarball no local data for jws@https://registry.npmjs.org/jws/-/jws-4.0.1.tgz. Extracting by manifest.
1111 silly tarball no local data for unpipe@https://registry.npmjs.org/unpipe/-/unpipe-1.0.0.tgz. Extracting by manifest.
1112 silly tarball no local data for raw-body@https://registry.npmjs.org/raw-body/-/raw-body-2.5.3.tgz. Extracting by manifest.
1113 silly tarball no local data for iconv-lite@https://registry.npmjs.org/iconv-lite/-/iconv-lite-0.4.24.tgz. Extracting by manifest.
1114 silly tarball no local data for destroy@https://registry.npmjs.org/destroy/-/destroy-1.2.0.tgz. Extracting by manifest.
1115 silly tarball no local data for negotiator@https://registry.npmjs.org/negotiator/-/negotiator-0.6.3.tgz. Extracting by manifest.
1116 silly tarball no local data for utils-merge@https://registry.npmjs.org/utils-merge/-/utils-merge-1.0.1.tgz. Extracting by manifest.
1117 silly tarball no local data for bytes@https://registry.npmjs.org/bytes/-/bytes-3.1.2.tgz. Extracting by manifest.
1118 silly tarball no local data for mime-types@https://registry.npmjs.org/mime-types/-/mime-types-2.1.35.tgz. Extracting by manifest.
1119 silly tarball no local data for type-is@https://registry.npmjs.org/type-is/-/type-is-1.6.18.tgz. Extracting by manifest.
1120 silly tarball no local data for serve-static@https://registry.npmjs.org/serve-static/-/serve-static-1.16.3.tgz. Extracting by manifest.
1121 silly tarball no local data for setprototypeof@https://registry.npmjs.org/setprototypeof/-/setprototypeof-1.2.0.tgz. Extracting by manifest.
1122 silly tarball no local data for statuses@https://registry.npmjs.org/statuses/-/statuses-2.0.2.tgz. Extracting by manifest.
1123 silly tarball no local data for safe-buffer@https://registry.npmjs.org/safe-buffer/-/safe-buffer-5.2.1.tgz. Extracting by manifest.
1124 silly tarball no local data for send@https://registry.npmjs.org/send/-/send-0.19.2.tgz. Extracting by manifest.
1125 silly tarball no local data for range-parser@https://registry.npmjs.org/range-parser/-/range-parser-1.2.1.tgz. Extracting by manifest.
1126 silly tarball no local data for qs@https://registry.npmjs.org/qs/-/qs-6.14.2.tgz. Extracting by manifest.
1127 silly tarball no local data for path-to-regexp@https://registry.npmjs.org/path-to-regexp/-/path-to-regexp-0.1.13.tgz. Extracting by manifest.
1128 silly tarball no local data for proxy-addr@https://registry.npmjs.org/proxy-addr/-/proxy-addr-2.0.7.tgz. Extracting by manifest.
1129 silly tarball no local data for parseurl@https://registry.npmjs.org/parseurl/-/parseurl-1.3.3.tgz. Extracting by manifest.
1130 silly tarball no local data for methods@https://registry.npmjs.org/methods/-/methods-1.1.2.tgz. Extracting by manifest.
1131 silly tarball no local data for on-finished@https://registry.npmjs.org/on-finished/-/on-finished-2.4.1.tgz. Extracting by manifest.
1132 silly tarball no local data for merge-descriptors@https://registry.npmjs.org/merge-descriptors/-/merge-descriptors-1.0.3.tgz. Extracting by manifest.
1133 silly tarball no local data for http-errors@https://registry.npmjs.org/http-errors/-/http-errors-2.0.1.tgz. Extracting by manifest.
1134 silly tarball no local data for finalhandler@https://registry.npmjs.org/finalhandler/-/finalhandler-1.3.2.tgz. Extracting by manifest.
1135 silly tarball no local data for etag@https://registry.npmjs.org/etag/-/etag-1.8.1.tgz. Extracting by manifest.
1136 silly tarball no local data for escape-html@https://registry.npmjs.org/escape-html/-/escape-html-1.0.3.tgz. Extracting by manifest.
1137 silly tarball no local data for encodeurl@https://registry.npmjs.org/encodeurl/-/encodeurl-2.0.0.tgz. Extracting by manifest.
1138 silly tarball no local data for depd@https://registry.npmjs.org/depd/-/depd-2.0.0.tgz. Extracting by manifest.
1139 silly tarball no local data for fresh@https://registry.npmjs.org/fresh/-/fresh-0.5.2.tgz. Extracting by manifest.
1140 silly tarball no local data for debug@https://registry.npmjs.org/debug/-/debug-2.6.9.tgz. Extracting by manifest.
1141 silly tarball no local data for cookie-signature@https://registry.npmjs.org/cookie-signature/-/cookie-signature-1.0.7.tgz. Extracting by manifest.
1142 silly tarball no local data for cookie@https://registry.npmjs.org/cookie/-/cookie-0.7.2.tgz. Extracting by manifest.
1143 silly tarball no local data for content-type@https://registry.npmjs.org/content-type/-/content-type-1.0.5.tgz. Extracting by manifest.
1144 silly tarball no local data for content-disposition@https://registry.npmjs.org/content-disposition/-/content-disposition-0.5.4.tgz. Extracting by manifest.
1145 silly tarball no local data for body-parser@https://registry.npmjs.org/body-parser/-/body-parser-1.20.4.tgz. Extracting by manifest.
1146 silly tarball no local data for array-flatten@https://registry.npmjs.org/array-flatten/-/array-flatten-1.1.1.tgz. Extracting by manifest.
1147 silly tarball no local data for accepts@https://registry.npmjs.org/accepts/-/accepts-1.3.8.tgz. Extracting by manifest.
1148 silly tarball no local data for vary@https://registry.npmjs.org/vary/-/vary-1.1.2.tgz. Extracting by manifest.
1149 silly tarball no local data for object-assign@https://registry.npmjs.org/object-assign/-/object-assign-4.1.1.tgz. Extracting by manifest.
1150 silly tarball no local data for socket.io@https://registry.npmjs.org/socket.io/-/socket.io-4.8.3.tgz. Extracting by manifest.
1151 silly tarball no local data for nodemon@https://registry.npmjs.org/nodemon/-/nodemon-3.1.14.tgz. Extracting by manifest.
1152 silly tarball no local data for mongoose@https://registry.npmjs.org/mongoose/-/mongoose-8.23.0.tgz. Extracting by manifest.
1153 silly tarball no local data for jsonwebtoken@https://registry.npmjs.org/jsonwebtoken/-/jsonwebtoken-9.0.3.tgz. Extracting by manifest.
1154 silly tarball no local data for express@https://registry.npmjs.org/express/-/express-4.22.1.tgz. Extracting by manifest.
1155 silly tarball no local data for ms@https://registry.npmjs.org/ms/-/ms-2.1.3.tgz. Extracting by manifest.
1156 silly tarball no local data for dotenv@https://registry.npmjs.org/dotenv/-/dotenv-16.6.1.tgz. Extracting by manifest.
1157 silly tarball no local data for ms@https://registry.npmjs.org/ms/-/ms-2.1.3.tgz. Extracting by manifest.
1158 silly tarball no local data for cors@https://registry.npmjs.org/cors/-/cors-2.8.6.tgz. Extracting by manifest.
1159 silly tarball no local data for debug@https://registry.npmjs.org/debug/-/debug-4.4.3.tgz. Extracting by manifest.
1160 silly tarball no local data for debug@https://registry.npmjs.org/debug/-/debug-4.4.3.tgz. Extracting by manifest.
1161 silly tarball no local data for bcryptjs@https://registry.npmjs.org/bcryptjs/-/bcryptjs-2.4.3.tgz. Extracting by manifest.
1162 silly tarball no local data for debug@https://registry.npmjs.org/debug/-/debug-4.4.3.tgz. Extracting by manifest.
1163 silly tarball no local data for ms@https://registry.npmjs.org/ms/-/ms-2.1.3.tgz. Extracting by manifest.
1164 silly tarball no local data for ms@https://registry.npmjs.org/ms/-/ms-2.1.3.tgz. Extracting by manifest.
1165 silly tarball no local data for debug@https://registry.npmjs.org/debug/-/debug-4.4.3.tgz. Extracting by manifest.
1166 silly tarball no local data for ms@https://registry.npmjs.org/ms/-/ms-2.1.3.tgz. Extracting by manifest.
1167 silly tarball no local data for ms@https://registry.npmjs.org/ms/-/ms-2.1.3.tgz. Extracting by manifest.
1168 silly tarball no local data for ms@https://registry.npmjs.org/ms/-/ms-2.1.3.tgz. Extracting by manifest.
1169 silly tarball no local data for ms@https://registry.npmjs.org/ms/-/ms-2.1.3.tgz. Extracting by manifest.
1170 silly tarball no local data for debug@https://registry.npmjs.org/debug/-/debug-4.4.3.tgz. Extracting by manifest.
1171 silly tarball no local data for ms@https://registry.npmjs.org/ms/-/ms-2.1.3.tgz. Extracting by manifest.
1172 silly tarball no local data for debug@https://registry.npmjs.org/debug/-/debug-4.4.3.tgz. Extracting by manifest.
1173 http fetch GET 200 https://registry.npmjs.org/has-flag/-/has-flag-3.0.0.tgz 404ms (cache miss)
1174 http fetch GET 200 https://registry.npmjs.org/is-number/-/is-number-7.0.0.tgz 405ms (cache miss)
1175 http fetch GET 200 https://registry.npmjs.org/memory-pager/-/memory-pager-1.5.0.tgz 410ms (cache miss)
1176 http fetch GET 200 https://registry.npmjs.org/punycode/-/punycode-2.3.1.tgz 462ms (cache miss)
1177 http fetch GET 200 https://registry.npmjs.org/webidl-conversions/-/webidl-conversions-7.0.0.tgz 591ms (cache miss)
1178 http fetch GET 200 https://registry.npmjs.org/media-typer/-/media-typer-0.3.0.tgz 589ms (cache miss)
1179 http fetch GET 200 https://registry.npmjs.org/ws/-/ws-8.18.3.tgz 591ms (cache miss)
1180 http fetch GET 200 https://registry.npmjs.org/engine.io-parser/-/engine.io-parser-5.2.3.tgz 604ms (cache miss)
1181 http fetch GET 200 https://registry.npmjs.org/@types/ws/-/ws-8.18.1.tgz 612ms (cache miss)
1182 http fetch GET 200 https://registry.npmjs.org/@types/cors/-/cors-2.8.19.tgz 621ms (cache miss)
1183 http fetch GET 200 https://registry.npmjs.org/tr46/-/tr46-5.1.1.tgz 680ms (cache miss)
1184 http fetch GET 200 https://registry.npmjs.org/undici-types/-/undici-types-7.19.2.tgz 715ms (cache miss)
1185 http fetch GET 200 https://registry.npmjs.org/socket.io-adapter/-/socket.io-adapter-2.5.6.tgz 808ms (cache miss)
1186 http fetch POST 200 https://registry.npmjs.org/-/npm/v1/security/advisories/bulk 855ms
1187 silly audit report {}
1188 http fetch GET 200 https://registry.npmjs.org/socket.io-parser/-/socket.io-parser-4.2.6.tgz 827ms (cache miss)
1189 http fetch GET 200 https://registry.npmjs.org/hasown/-/hasown-2.0.3.tgz 831ms (cache miss)
1190 http fetch GET 200 https://registry.npmjs.org/dunder-proto/-/dunder-proto-1.0.1.tgz 853ms (cache miss)
1191 http fetch GET 200 https://registry.npmjs.org/@socket.io/component-emitter/-/component-emitter-3.1.2.tgz 883ms (cache miss)
1192 http fetch GET 200 https://registry.npmjs.org/math-intrinsics/-/math-intrinsics-1.1.0.tgz 917ms (cache miss)
1193 http fetch GET 200 https://registry.npmjs.org/gopd/-/gopd-1.2.0.tgz 982ms (cache miss)
1194 http fetch GET 200 https://registry.npmjs.org/get-proto/-/get-proto-1.0.1.tgz 1009ms (cache miss)
1195 http fetch GET 200 https://registry.npmjs.org/engine.io/-/engine.io-6.6.6.tgz 1036ms (cache miss)
1196 http fetch GET 200 https://registry.npmjs.org/es-object-atoms/-/es-object-atoms-1.1.1.tgz 1037ms (cache miss)
1197 http fetch GET 200 https://registry.npmjs.org/es-define-property/-/es-define-property-1.0.1.tgz 1037ms (cache miss)
1198 http fetch GET 200 https://registry.npmjs.org/call-bound/-/call-bound-1.0.4.tgz 1118ms (cache miss)
1199 http fetch GET 200 https://registry.npmjs.org/side-channel-weakmap/-/side-channel-weakmap-1.0.2.tgz 1118ms (cache miss)
1200 http fetch GET 200 https://registry.npmjs.org/call-bind-apply-helpers/-/call-bind-apply-helpers-1.0.2.tgz 1119ms (cache miss)
1201 http fetch GET 200 https://registry.npmjs.org/function-bind/-/function-bind-1.1.2.tgz 1125ms (cache miss)
1202 http fetch GET 200 https://registry.npmjs.org/side-channel-map/-/side-channel-map-1.0.1.tgz 1135ms (cache miss)
1203 http fetch GET 200 https://registry.npmjs.org/mime/-/mime-1.6.0.tgz 1206ms (cache miss)
1204 http fetch GET 200 https://registry.npmjs.org/es-errors/-/es-errors-1.3.0.tgz 1210ms (cache miss)
1205 http fetch GET 200 https://registry.npmjs.org/side-channel-list/-/side-channel-list-1.0.1.tgz 1253ms (cache miss)
1206 http fetch GET 200 https://registry.npmjs.org/side-channel/-/side-channel-1.1.0.tgz 1257ms (cache miss)
1207 http fetch GET 200 https://registry.npmjs.org/object-inspect/-/object-inspect-1.13.4.tgz 1272ms (cache miss)
1208 http fetch GET 200 https://registry.npmjs.org/ee-first/-/ee-first-1.1.1.tgz 1426ms (cache miss)
1209 http fetch GET 200 https://registry.npmjs.org/forwarded/-/forwarded-0.2.0.tgz 1436ms (cache miss)
1210 http fetch GET 200 https://registry.npmjs.org/balanced-match/-/balanced-match-4.0.4.tgz 1437ms (cache miss)
1211 http fetch GET 200 https://registry.npmjs.org/ipaddr.js/-/ipaddr.js-1.9.1.tgz 1448ms (cache miss)
1212 http fetch GET 200 https://registry.npmjs.org/binary-extensions/-/binary-extensions-2.3.0.tgz 1449ms (cache miss)
1213 http fetch GET 200 https://registry.npmjs.org/readdirp/-/readdirp-3.6.0.tgz 1452ms (cache miss)
1214 http fetch GET 200 https://registry.npmjs.org/brace-expansion/-/brace-expansion-5.0.5.tgz 1480ms (cache miss)
1215 http fetch GET 200 https://registry.npmjs.org/fill-range/-/fill-range-7.1.1.tgz 1497ms (cache miss)
1216 http fetch GET 200 https://registry.npmjs.org/is-extglob/-/is-extglob-2.1.1.tgz 1504ms (cache miss)
1217 http fetch GET 200 https://registry.npmjs.org/picomatch/-/picomatch-2.3.2.tgz 1504ms (cache miss)
1218 http fetch GET 200 https://registry.npmjs.org/normalize-path/-/normalize-path-3.0.0.tgz 1508ms (cache miss)
1219 http fetch GET 200 https://registry.npmjs.org/to-regex-range/-/to-regex-range-5.0.1.tgz 1510ms (cache miss)
1220 http fetch GET 200 https://registry.npmjs.org/is-glob/-/is-glob-4.0.3.tgz 1514ms (cache miss)
1221 http fetch GET 200 https://registry.npmjs.org/is-binary-path/-/is-binary-path-2.1.0.tgz 1513ms (cache miss)
1222 http fetch GET 200 https://registry.npmjs.org/glob-parent/-/glob-parent-5.1.2.tgz 1603ms (cache miss)
1223 http fetch GET 200 https://registry.npmjs.org/braces/-/braces-3.0.3.tgz 1604ms (cache miss)
1224 http fetch GET 200 https://registry.npmjs.org/supports-color/-/supports-color-5.5.0.tgz 1650ms (cache miss)
1225 http fetch GET 200 https://registry.npmjs.org/anymatch/-/anymatch-3.1.3.tgz 1652ms (cache miss)
1226 http fetch GET 200 https://registry.npmjs.org/touch/-/touch-3.1.1.tgz 1652ms (cache miss)
1227 http fetch GET 200 https://registry.npmjs.org/undefsafe/-/undefsafe-2.0.5.tgz 1663ms (cache miss)
1228 http fetch GET 200 https://registry.npmjs.org/simple-update-notifier/-/simple-update-notifier-2.0.0.tgz 1734ms (cache miss)
1229 http fetch GET 200 https://registry.npmjs.org/pstree.remy/-/pstree.remy-1.1.8.tgz 1992ms (cache miss)
1230 http fetch GET 200 https://registry.npmjs.org/@types/webidl-conversions/-/webidl-conversions-7.0.3.tgz 2329ms (cache miss)
1231 http fetch GET 200 https://registry.npmjs.org/ignore-by-default/-/ignore-by-default-1.0.1.tgz 2330ms (cache miss)
1232 http fetch GET 200 https://registry.npmjs.org/chokidar/-/chokidar-3.6.0.tgz 2347ms (cache miss)
1233 http fetch GET 200 https://registry.npmjs.org/@types/whatwg-url/-/whatwg-url-11.0.5.tgz 2366ms (cache miss)
1234 http fetch GET 200 https://registry.npmjs.org/minimatch/-/minimatch-10.2.5.tgz 2456ms (cache miss)
1235 http fetch GET 200 https://registry.npmjs.org/@mongodb-js/saslprep/-/saslprep-1.4.8.tgz 2472ms (cache miss)
1236 http fetch GET 200 https://registry.npmjs.org/sparse-bitfield/-/sparse-bitfield-3.0.3.tgz 2566ms (cache miss)
1237 http fetch GET 200 https://registry.npmjs.org/whatwg-url/-/whatwg-url-14.2.0.tgz 2657ms (cache miss)
1238 http fetch GET 200 https://registry.npmjs.org/mongodb-connection-string-url/-/mongodb-connection-string-url-3.0.2.tgz 2790ms (cache miss)
1239 http fetch GET 200 https://registry.npmjs.org/mpath/-/mpath-0.9.0.tgz 2856ms (cache miss)
1240 http fetch GET 200 https://registry.npmjs.org/mquery/-/mquery-5.0.0.tgz 2857ms (cache miss)
1241 http fetch GET 200 https://registry.npmjs.org/kareem/-/kareem-2.6.3.tgz 3261ms (cache miss)
1242 http fetch GET 200 https://registry.npmjs.org/has-symbols/-/has-symbols-1.1.0.tgz 3442ms (cache miss)
1243 http fetch GET 200 https://registry.npmjs.org/ecdsa-sig-formatter/-/ecdsa-sig-formatter-1.0.11.tgz 3446ms (cache miss)
1244 http fetch GET 200 https://registry.npmjs.org/mime-db/-/mime-db-1.52.0.tgz 3457ms (cache miss)
1245 http fetch GET 200 https://registry.npmjs.org/get-intrinsic/-/get-intrinsic-1.3.0.tgz 3567ms (cache miss)
1246 http fetch GET 200 https://registry.npmjs.org/semver/-/semver-7.7.4.tgz 3624ms (cache miss)
1247 http fetch GET 200 https://registry.npmjs.org/jwa/-/jwa-2.0.1.tgz 3646ms (cache miss)
1248 http fetch GET 200 https://registry.npmjs.org/base64id/-/base64id-2.0.0.tgz 3653ms (cache miss)
1249 http fetch GET 200 https://registry.npmjs.org/lodash.once/-/lodash.once-4.1.1.tgz 3667ms (cache miss)
1250 http fetch GET 200 https://registry.npmjs.org/lodash.isstring/-/lodash.isstring-4.0.1.tgz 3671ms (cache miss)
1251 http fetch GET 200 https://registry.npmjs.org/sift/-/sift-17.1.3.tgz 3680ms (cache miss)
1252 http fetch GET 200 https://registry.npmjs.org/@types/node/-/node-25.6.0.tgz 3708ms (cache miss)
1253 http fetch GET 200 https://registry.npmjs.org/buffer-equal-constant-time/-/buffer-equal-constant-time-1.0.1.tgz 3704ms (cache miss)
1254 http fetch GET 200 https://registry.npmjs.org/lodash.isnumber/-/lodash.isnumber-3.0.3.tgz 3974ms (cache miss)
1255 http fetch GET 200 https://registry.npmjs.org/lodash.isboolean/-/lodash.isboolean-3.0.3.tgz 4104ms (cache miss)
1256 http fetch GET 200 https://registry.npmjs.org/lodash.isinteger/-/lodash.isinteger-4.0.4.tgz 4104ms (cache miss)
1257 http fetch GET 200 https://registry.npmjs.org/lodash.includes/-/lodash.includes-4.3.0.tgz 4105ms (cache miss)
1258 http fetch GET 200 https://registry.npmjs.org/safer-buffer/-/safer-buffer-2.1.2.tgz 4265ms (cache miss)
1259 http fetch GET 200 https://registry.npmjs.org/ms/-/ms-2.0.0.tgz 4684ms (cache miss)
1260 http fetch GET 200 https://registry.npmjs.org/toidentifier/-/toidentifier-1.0.1.tgz 4686ms (cache miss)
1261 http fetch GET 200 https://registry.npmjs.org/lodash.isplainobject/-/lodash.isplainobject-4.0.6.tgz 4687ms (cache miss)
1262 http fetch GET 200 https://registry.npmjs.org/unpipe/-/unpipe-1.0.0.tgz 4687ms (cache miss)
1263 http fetch GET 200 https://registry.npmjs.org/inherits/-/inherits-2.0.4.tgz 4688ms (cache miss)
1264 http fetch GET 200 https://registry.npmjs.org/raw-body/-/raw-body-2.5.3.tgz 4687ms (cache miss)
1265 http fetch GET 200 https://registry.npmjs.org/jws/-/jws-4.0.1.tgz 4688ms (cache miss)
1266 http fetch GET 200 https://registry.npmjs.org/destroy/-/destroy-1.2.0.tgz 4720ms (cache miss)
1267 http fetch GET 200 https://registry.npmjs.org/utils-merge/-/utils-merge-1.0.1.tgz 4727ms (cache miss)
1268 http fetch GET 200 https://registry.npmjs.org/negotiator/-/negotiator-0.6.3.tgz 4727ms (cache miss)
1269 http fetch GET 200 https://registry.npmjs.org/bytes/-/bytes-3.1.2.tgz 4730ms (cache miss)
1270 http fetch GET 200 https://registry.npmjs.org/mime-types/-/mime-types-2.1.35.tgz 4731ms (cache miss)
1271 http fetch GET 200 https://registry.npmjs.org/mongodb/-/mongodb-6.20.0.tgz 5106ms (cache miss)
1272 http fetch GET 200 https://registry.npmjs.org/range-parser/-/range-parser-1.2.1.tgz 5237ms (cache miss)
1273 http fetch GET 200 https://registry.npmjs.org/safe-buffer/-/safe-buffer-5.2.1.tgz 5238ms (cache miss)
1274 http fetch GET 200 https://registry.npmjs.org/path-to-regexp/-/path-to-regexp-0.1.13.tgz 5238ms (cache miss)
1275 http fetch GET 200 https://registry.npmjs.org/type-is/-/type-is-1.6.18.tgz 5245ms (cache miss)
1276 http fetch GET 200 https://registry.npmjs.org/setprototypeof/-/setprototypeof-1.2.0.tgz 5246ms (cache miss)
1277 http fetch GET 200 https://registry.npmjs.org/serve-static/-/serve-static-1.16.3.tgz 5248ms (cache miss)
1278 http fetch GET 200 https://registry.npmjs.org/statuses/-/statuses-2.0.2.tgz 5249ms (cache miss)
1279 http fetch GET 200 https://registry.npmjs.org/methods/-/methods-1.1.2.tgz 5248ms (cache miss)
1280 http fetch GET 200 https://registry.npmjs.org/proxy-addr/-/proxy-addr-2.0.7.tgz 5249ms (cache miss)
1281 http fetch GET 200 https://registry.npmjs.org/send/-/send-0.19.2.tgz 5251ms (cache miss)
1282 http fetch GET 200 https://registry.npmjs.org/parseurl/-/parseurl-1.3.3.tgz 5292ms (cache miss)
1283 http fetch GET 200 https://registry.npmjs.org/qs/-/qs-6.14.2.tgz 5303ms (cache miss)
1284 http fetch GET 200 https://registry.npmjs.org/bson/-/bson-6.10.4.tgz 5313ms (cache miss)
1285 http fetch GET 200 https://registry.npmjs.org/iconv-lite/-/iconv-lite-0.4.24.tgz 5309ms (cache miss)
1286 http fetch GET 200 https://registry.npmjs.org/on-finished/-/on-finished-2.4.1.tgz 5314ms (cache miss)
1287 http fetch GET 200 https://registry.npmjs.org/merge-descriptors/-/merge-descriptors-1.0.3.tgz 5316ms (cache miss)
1288 http fetch GET 200 https://registry.npmjs.org/http-errors/-/http-errors-2.0.1.tgz 5343ms (cache miss)
1289 http fetch GET 200 https://registry.npmjs.org/etag/-/etag-1.8.1.tgz 5344ms (cache miss)
1290 http fetch GET 200 https://registry.npmjs.org/encodeurl/-/encodeurl-2.0.0.tgz 5355ms (cache miss)
1291 http fetch GET 200 https://registry.npmjs.org/fresh/-/fresh-0.5.2.tgz 5356ms (cache miss)
1292 http fetch GET 200 https://registry.npmjs.org/escape-html/-/escape-html-1.0.3.tgz 5358ms (cache miss)
1293 http fetch GET 200 https://registry.npmjs.org/finalhandler/-/finalhandler-1.3.2.tgz 5359ms (cache miss)
1294 http fetch GET 200 https://registry.npmjs.org/depd/-/depd-2.0.0.tgz 5360ms (cache miss)
1295 http fetch GET 200 https://registry.npmjs.org/cookie-signature/-/cookie-signature-1.0.7.tgz 5360ms (cache miss)
1296 http fetch GET 200 https://registry.npmjs.org/cookie/-/cookie-0.7.2.tgz 5364ms (cache miss)
1297 http fetch GET 200 https://registry.npmjs.org/debug/-/debug-2.6.9.tgz 5367ms (cache miss)
1298 http fetch GET 200 https://registry.npmjs.org/content-type/-/content-type-1.0.5.tgz 5380ms (cache miss)
1299 http fetch GET 200 https://registry.npmjs.org/array-flatten/-/array-flatten-1.1.1.tgz 5387ms (cache miss)
1300 http fetch GET 200 https://registry.npmjs.org/accepts/-/accepts-1.3.8.tgz 5393ms (cache miss)
1301 http fetch GET 200 https://registry.npmjs.org/content-disposition/-/content-disposition-0.5.4.tgz 5394ms (cache miss)
1302 http fetch GET 200 https://registry.npmjs.org/body-parser/-/body-parser-1.20.4.tgz 5397ms (cache miss)
1303 http fetch GET 200 https://registry.npmjs.org/vary/-/vary-1.1.2.tgz 5406ms (cache miss)
1304 http fetch GET 200 https://registry.npmjs.org/jsonwebtoken/-/jsonwebtoken-9.0.3.tgz 5553ms (cache miss)
1305 http fetch GET 200 https://registry.npmjs.org/ms/-/ms-2.1.3.tgz 5568ms (cache miss)
1306 http fetch GET 200 https://registry.npmjs.org/ms/-/ms-2.1.3.tgz 5575ms (cache miss)
1307 http fetch GET 200 https://registry.npmjs.org/cors/-/cors-2.8.6.tgz 5608ms (cache miss)
1308 http fetch GET 200 https://registry.npmjs.org/nodemon/-/nodemon-3.1.14.tgz 5612ms (cache miss)
1309 http fetch GET 200 https://registry.npmjs.org/debug/-/debug-4.4.3.tgz 5684ms (cache miss)
1310 http fetch GET 200 https://registry.npmjs.org/debug/-/debug-4.4.3.tgz 5702ms (cache miss)
1311 http fetch GET 200 https://registry.npmjs.org/express/-/express-4.22.1.tgz 5713ms (cache miss)
1312 http fetch GET 200 https://registry.npmjs.org/dotenv/-/dotenv-16.6.1.tgz 5758ms (cache miss)
1313 http fetch GET 200 https://registry.npmjs.org/debug/-/debug-4.4.3.tgz 5809ms (cache miss)
1314 http fetch GET 200 https://registry.npmjs.org/ms/-/ms-2.1.3.tgz 5975ms (cache miss)
1315 http fetch GET 200 https://registry.npmjs.org/ms/-/ms-2.1.3.tgz 5976ms (cache miss)
1316 http fetch GET 200 https://registry.npmjs.org/ms/-/ms-2.1.3.tgz 5977ms (cache miss)
1317 http fetch GET 200 https://registry.npmjs.org/ms/-/ms-2.1.3.tgz 5977ms (cache miss)
1318 http fetch GET 200 https://registry.npmjs.org/debug/-/debug-4.4.3.tgz 5978ms (cache miss)
1319 http fetch GET 200 https://registry.npmjs.org/ms/-/ms-2.1.3.tgz 6010ms (cache miss)
1320 http fetch GET 200 https://registry.npmjs.org/ms/-/ms-2.1.3.tgz 6013ms (cache miss)
1321 http fetch GET 200 https://registry.npmjs.org/ms/-/ms-2.1.3.tgz 6108ms (cache miss)
1322 http fetch GET 200 https://registry.npmjs.org/debug/-/debug-4.4.3.tgz 6126ms (cache miss)
1323 http fetch GET 200 https://registry.npmjs.org/debug/-/debug-4.4.3.tgz 6135ms (cache miss)
1324 http fetch GET 200 https://registry.npmjs.org/bcryptjs/-/bcryptjs-2.4.3.tgz 6147ms (cache miss)
1325 http fetch GET 200 https://registry.npmjs.org/socket.io/-/socket.io-4.8.3.tgz 6376ms (cache miss)
1326 http fetch GET 200 https://registry.npmjs.org/mongoose/-/mongoose-8.23.0.tgz 6483ms (cache miss)
1327 http fetch GET 200 https://registry.npmjs.org/object-assign/-/object-assign-4.1.1.tgz 7026ms (cache miss)
1328 silly ADD node_modules/punycode
1329 silly ADD node_modules/webidl-conversions
1330 silly ADD node_modules/tr46
1331 silly ADD node_modules/media-typer
1332 silly ADD node_modules/is-number
1333 silly ADD node_modules/has-flag
1334 silly ADD node_modules/memory-pager
1335 silly ADD node_modules/@socket.io/component-emitter
1336 silly ADD node_modules/undici-types
1337 silly ADD node_modules/ws
1338 silly ADD node_modules/engine.io-parser
1339 silly ADD node_modules/@types/ws
1340 silly ADD node_modules/@types/node
1341 silly ADD node_modules/@types/cors
1342 silly ADD node_modules/socket.io-parser
1343 silly ADD node_modules/socket.io-parser/node_modules/ms
1344 silly ADD node_modules/socket.io-parser/node_modules/debug
1345 silly ADD node_modules/socket.io-adapter
1346 silly ADD node_modules/socket.io-adapter/node_modules/ms
1347 silly ADD node_modules/socket.io-adapter/node_modules/debug
1348 silly ADD node_modules/engine.io
1349 silly ADD node_modules/engine.io/node_modules/ms
1350 silly ADD node_modules/engine.io/node_modules/debug
1351 silly ADD node_modules/base64id
1352 silly ADD node_modules/dunder-proto
1353 silly ADD node_modules/math-intrinsics
1354 silly ADD node_modules/hasown
1355 silly ADD node_modules/has-symbols
1356 silly ADD node_modules/gopd
1357 silly ADD node_modules/get-proto
1358 silly ADD node_modules/es-object-atoms
1359 silly ADD node_modules/es-define-property
1360 silly ADD node_modules/function-bind
1361 silly ADD node_modules/call-bind-apply-helpers
1362 silly ADD node_modules/get-intrinsic
1363 silly ADD node_modules/call-bound
1364 silly ADD node_modules/side-channel-weakmap
1365 silly ADD node_modules/side-channel-map
1366 silly ADD node_modules/side-channel-list
1367 silly ADD node_modules/object-inspect
1368 silly ADD node_modules/es-errors
1369 silly ADD node_modules/mime
1370 silly ADD node_modules/side-channel
1371 silly ADD node_modules/ipaddr.js
1372 silly ADD node_modules/forwarded
1373 silly ADD node_modules/ee-first
1374 silly ADD node_modules/balanced-match
1375 silly ADD node_modules/brace-expansion
1376 silly ADD node_modules/is-extglob
1377 silly ADD node_modules/binary-extensions
1378 silly ADD node_modules/to-regex-range
1379 silly ADD node_modules/fill-range
1380 silly ADD node_modules/picomatch
1381 silly ADD node_modules/readdirp
1382 silly ADD node_modules/normalize-path
1383 silly ADD node_modules/is-glob
1384 silly ADD node_modules/is-binary-path
1385 silly ADD node_modules/glob-parent
1386 silly ADD node_modules/braces
1387 silly ADD node_modules/anymatch
1388 silly ADD node_modules/undefsafe
1389 silly ADD node_modules/touch
1390 silly ADD node_modules/supports-color
1391 silly ADD node_modules/simple-update-notifier
1392 silly ADD node_modules/pstree.remy
1393 silly ADD node_modules/minimatch
1394 silly ADD node_modules/ignore-by-default
1395 silly ADD node_modules/chokidar
1396 silly ADD node_modules/@types/webidl-conversions
1397 silly ADD node_modules/whatwg-url
1398 silly ADD node_modules/@types/whatwg-url
1399 silly ADD node_modules/sparse-bitfield
1400 silly ADD node_modules/mongodb-connection-string-url
1401 silly ADD node_modules/@mongodb-js/saslprep
1402 silly ADD node_modules/sift
1403 silly ADD node_modules/mquery
1404 silly ADD node_modules/mquery/node_modules/ms
1405 silly ADD node_modules/mquery/node_modules/debug
1406 silly ADD node_modules/mpath
1407 silly ADD node_modules/mongodb
1408 silly ADD node_modules/kareem
1409 silly ADD node_modules/bson
1410 silly ADD node_modules/mime-db
1411 silly ADD node_modules/ecdsa-sig-formatter
1412 silly ADD node_modules/buffer-equal-constant-time
1413 silly ADD node_modules/jwa
1414 silly ADD node_modules/semver
1415 silly ADD node_modules/lodash.once
1416 silly ADD node_modules/lodash.isstring
1417 silly ADD node_modules/lodash.isplainobject
1418 silly ADD node_modules/lodash.isnumber
1419 silly ADD node_modules/lodash.isinteger
1420 silly ADD node_modules/lodash.isboolean
1421 silly ADD node_modules/lodash.includes
1422 silly ADD node_modules/jws
1423 silly ADD node_modules/safer-buffer
1424 silly ADD node_modules/toidentifier
1425 silly ADD node_modules/inherits
1426 silly ADD node_modules/ms
1427 silly ADD node_modules/unpipe
1428 silly ADD node_modules/raw-body
1429 silly ADD node_modules/iconv-lite
1430 silly ADD node_modules/destroy
1431 silly ADD node_modules/bytes
1432 silly ADD node_modules/negotiator
1433 silly ADD node_modules/mime-types
1434 silly ADD node_modules/utils-merge
1435 silly ADD node_modules/type-is
1436 silly ADD node_modules/statuses
1437 silly ADD node_modules/setprototypeof
1438 silly ADD node_modules/serve-static
1439 silly ADD node_modules/send
1440 silly ADD node_modules/send/node_modules/ms
1441 silly ADD node_modules/safe-buffer
1442 silly ADD node_modules/range-parser
1443 silly ADD node_modules/qs
1444 silly ADD node_modules/proxy-addr
1445 silly ADD node_modules/path-to-regexp
1446 silly ADD node_modules/parseurl
1447 silly ADD node_modules/on-finished
1448 silly ADD node_modules/methods
1449 silly ADD node_modules/merge-descriptors
1450 silly ADD node_modules/http-errors
1451 silly ADD node_modules/fresh
1452 silly ADD node_modules/finalhandler
1453 silly ADD node_modules/etag
1454 silly ADD node_modules/escape-html
1455 silly ADD node_modules/encodeurl
1456 silly ADD node_modules/depd
1457 silly ADD node_modules/debug
1458 silly ADD node_modules/cookie-signature
1459 silly ADD node_modules/cookie
1460 silly ADD node_modules/content-type
1461 silly ADD node_modules/content-disposition
1462 silly ADD node_modules/body-parser
1463 silly ADD node_modules/array-flatten
1464 silly ADD node_modules/accepts
1465 silly ADD node_modules/vary
1466 silly ADD node_modules/object-assign
1467 silly ADD node_modules/socket.io
1468 silly ADD node_modules/socket.io/node_modules/ms
1469 silly ADD node_modules/socket.io/node_modules/debug
1470 silly ADD node_modules/nodemon
1471 silly ADD node_modules/nodemon/node_modules/ms
1472 silly ADD node_modules/nodemon/node_modules/debug
1473 silly ADD node_modules/mongoose
1474 silly ADD node_modules/mongoose/node_modules/ms
1475 silly ADD node_modules/jsonwebtoken
1476 silly ADD node_modules/jsonwebtoken/node_modules/ms
1477 silly ADD node_modules/express
1478 silly ADD node_modules/dotenv
1479 silly ADD node_modules/cors
1480 silly ADD node_modules/bcryptjs
1481 verbose cwd D:\Daily Project 6
1482 verbose os Windows_NT 10.0.26100
1483 verbose node v24.14.1
1484 verbose npm  v11.11.0
1485 notice
1485 notice New minor version of npm available! 11.11.0 -> 11.12.1
1485 notice Changelog: https://github.com/npm/cli/releases/tag/v11.12.1
1485 notice To update run: npm install -g npm@11.12.1
1485 notice  { force: true, Symbol(proc-log.meta): true }
1486 verbose exit 0
1487 info ok
