0 verbose cli C:\Program Files\nodejs\node.exe C:\Program Files\nodejs\node_modules\npm\bin\npm-cli.js
1 info using npm@11.11.0
2 info using node@v24.14.1
3 silly config load:file:C:\Program Files\nodejs\node_modules\npm\npmrc
4 silly config load:file:D:\Daily Project 6\frontend\.npmrc
5 silly config load:file:C:\Users\adamf\.npmrc
6 silly config load:file:D:\Daily Project 6\frontend\etc\npmrc
7 verbose title npm install
8 verbose argv "--prefix" "frontend" "install"
9 verbose logfile logs-max:10 dir:d:\Daily Project 6\.npm-cache\_logs\2026-04-21T09_24_17_264Z-
10 verbose logfile d:\Daily Project 6\.npm-cache\_logs\2026-04-21T09_24_17_264Z-debug-0.log
11 silly logfile done cleaning log files
12 silly packumentCache heap:4496293888 maxSize:1124073472 maxEntrySize:562036736
13 silly idealTree buildDeps
14 silly fetch manifest axios@^1.9.0
15 silly packumentCache full:https://registry.npmjs.org/axios cache-miss
16 http fetch GET 200 https://registry.npmjs.org/axios 393ms (cache miss)
17 silly packumentCache full:https://registry.npmjs.org/axios set size:undefined disposed:false
18 silly fetch manifest react@^18.3.1
19 silly packumentCache full:https://registry.npmjs.org/react cache-miss
20 http fetch GET 200 https://registry.npmjs.org/react 1760ms (cache miss)
21 silly packumentCache full:https://registry.npmjs.org/react set size:undefined disposed:false
22 silly fetch manifest react-dom@^18.3.1
23 silly packumentCache full:https://registry.npmjs.org/react-dom cache-miss
24 http fetch GET 200 https://registry.npmjs.org/react-dom 1614ms (cache miss)
25 silly packumentCache full:https://registry.npmjs.org/react-dom set size:undefined disposed:false
26 silly fetch manifest react-router-dom@^6.30.1
27 silly packumentCache full:https://registry.npmjs.org/react-router-dom cache-miss
28 http fetch GET 200 https://registry.npmjs.org/react-router-dom 489ms (cache miss)
29 silly packumentCache full:https://registry.npmjs.org/react-router-dom set size:undefined disposed:false
30 silly fetch manifest socket.io-client@^4.8.1
31 silly packumentCache full:https://registry.npmjs.org/socket.io-client cache-miss
32 http fetch GET 200 https://registry.npmjs.org/socket.io-client 143ms (cache miss)
33 silly packumentCache full:https://registry.npmjs.org/socket.io-client set size:undefined disposed:false
34 silly fetch manifest @vitejs/plugin-react@^4.7.0
35 silly packumentCache full:https://registry.npmjs.org/@vitejs%2fplugin-react cache-miss
36 http fetch GET 200 https://registry.npmjs.org/@vitejs%2fplugin-react 278ms (cache miss)
37 silly packumentCache full:https://registry.npmjs.org/@vitejs%2fplugin-react set size:undefined disposed:false
38 silly fetch manifest vite@^5.4.19
39 silly packumentCache full:https://registry.npmjs.org/vite cache-miss
40 http fetch GET 200 https://registry.npmjs.org/vite 3460ms (cache miss)
41 silly packumentCache full:https://registry.npmjs.org/vite set size:undefined disposed:false
42 silly fetch manifest @types/node@^18.0.0 || >=20.0.0
43 silly packumentCache full:https://registry.npmjs.org/@types%2fnode cache-miss
44 http cache https://registry.npmjs.org/@types%2fnode 47ms (cache hit)
45 silly packumentCache full:https://registry.npmjs.org/@types%2fnode set size:10972342 disposed:false
46 silly fetch manifest less@*
47 silly packumentCache full:https://registry.npmjs.org/less cache-miss
48 http fetch GET 200 https://registry.npmjs.org/less 235ms (cache miss)
49 silly packumentCache full:https://registry.npmjs.org/less set size:undefined disposed:false
50 silly fetch manifest lightningcss@^1.21.0
51 silly packumentCache full:https://registry.npmjs.org/lightningcss cache-miss
52 http fetch GET 200 https://registry.npmjs.org/lightningcss 112ms (cache miss)
53 silly packumentCache full:https://registry.npmjs.org/lightningcss set size:undefined disposed:false
54 silly fetch manifest sass@*
55 silly packumentCache full:https://registry.npmjs.org/sass cache-miss
56 http fetch GET 200 https://registry.npmjs.org/sass 197ms (cache miss)
57 silly packumentCache full:https://registry.npmjs.org/sass set size:undefined disposed:false
58 silly fetch manifest sass-embedded@*
59 silly packumentCache full:https://registry.npmjs.org/sass-embedded cache-miss
60 http fetch GET 200 https://registry.npmjs.org/sass-embedded 107ms (cache miss)
61 silly packumentCache full:https://registry.npmjs.org/sass-embedded set size:undefined disposed:false
62 silly fetch manifest stylus@*
63 silly packumentCache full:https://registry.npmjs.org/stylus cache-miss
64 http fetch GET 200 https://registry.npmjs.org/stylus 94ms (cache miss)
65 silly packumentCache full:https://registry.npmjs.org/stylus set size:undefined disposed:false
66 silly fetch manifest sugarss@*
67 silly packumentCache full:https://registry.npmjs.org/sugarss cache-miss
68 http fetch GET 200 https://registry.npmjs.org/sugarss 90ms (cache miss)
69 silly packumentCache full:https://registry.npmjs.org/sugarss set size:undefined disposed:false
70 silly fetch manifest postcss@^8.3.3
71 silly packumentCache full:https://registry.npmjs.org/postcss cache-miss
72 http fetch GET 200 https://registry.npmjs.org/postcss 189ms (cache miss)
73 silly packumentCache full:https://registry.npmjs.org/postcss set size:undefined disposed:false
74 silly fetch manifest terser@^5.4.0
75 silly packumentCache full:https://registry.npmjs.org/terser cache-miss
76 http fetch GET 200 https://registry.npmjs.org/terser 211ms (cache miss)
77 silly packumentCache full:https://registry.npmjs.org/terser set size:undefined disposed:false
78 silly placeDep ROOT @vitejs/plugin-react@4.7.0 OK for: streamsync-frontend@1.0.0 want: ^4.7.0
79 silly placeDep ROOT vite@5.4.21 OK for: @vitejs/plugin-react@4.7.0 want: ^4.2.0 || ^5.0.0 || ^6.0.0 || ^7.0.0
80 silly placeDep ROOT axios@1.15.1 OK for: streamsync-frontend@1.0.0 want: ^1.9.0
81 silly placeDep ROOT react@18.3.1 OK for: streamsync-frontend@1.0.0 want: ^18.3.1
82 silly placeDep ROOT react-dom@18.3.1 OK for: streamsync-frontend@1.0.0 want: ^18.3.1
83 silly placeDep ROOT react-router-dom@6.30.3 OK for: streamsync-frontend@1.0.0 want: ^6.30.1
84 silly placeDep ROOT socket.io-client@4.8.3 OK for: streamsync-frontend@1.0.0 want: ^4.8.1
85 silly fetch manifest @babel/core@^7.28.0
86 silly packumentCache full:https://registry.npmjs.org/@babel%2fcore cache-miss
87 silly fetch manifest react-refresh@^0.17.0
88 silly packumentCache full:https://registry.npmjs.org/react-refresh cache-miss
89 silly fetch manifest @types/babel__core@^7.20.5
90 silly packumentCache full:https://registry.npmjs.org/@types%2fbabel__core cache-miss
91 silly fetch manifest @rolldown/pluginutils@1.0.0-beta.27
92 silly packumentCache full:https://registry.npmjs.org/@rolldown%2fpluginutils cache-miss
93 silly fetch manifest @babel/plugin-transform-react-jsx-self@^7.27.1
94 silly packumentCache full:https://registry.npmjs.org/@babel%2fplugin-transform-react-jsx-self cache-miss
95 silly fetch manifest @babel/plugin-transform-react-jsx-source@^7.27.1
96 silly packumentCache full:https://registry.npmjs.org/@babel%2fplugin-transform-react-jsx-source cache-miss
97 silly fetch manifest rollup@^4.20.0
98 silly packumentCache full:https://registry.npmjs.org/rollup cache-miss
99 silly fetch manifest esbuild@^0.21.3
100 silly packumentCache full:https://registry.npmjs.org/esbuild cache-miss
101 silly fetch manifest postcss@^8.4.43
102 silly packumentCache full:https://registry.npmjs.org/postcss cache-miss
103 silly fetch manifest fsevents@~2.3.3
104 silly packumentCache full:https://registry.npmjs.org/fsevents cache-miss
105 silly fetch manifest form-data@^4.0.5
106 silly packumentCache full:https://registry.npmjs.org/form-data cache-miss
107 silly fetch manifest proxy-from-env@^2.1.0
108 silly packumentCache full:https://registry.npmjs.org/proxy-from-env cache-miss
109 silly fetch manifest follow-redirects@^1.15.11
110 silly packumentCache full:https://registry.npmjs.org/follow-redirects cache-miss
111 silly fetch manifest loose-envify@^1.1.0
112 silly packumentCache full:https://registry.npmjs.org/loose-envify cache-miss
113 silly fetch manifest scheduler@^0.23.2
114 silly packumentCache full:https://registry.npmjs.org/scheduler cache-miss
115 silly fetch manifest loose-envify@^1.1.0
116 silly packumentCache full:https://registry.npmjs.org/loose-envify cache-miss
117 silly fetch manifest react-router@6.30.3
118 silly packumentCache full:https://registry.npmjs.org/react-router cache-miss
119 silly fetch manifest @remix-run/router@1.23.2
120 silly packumentCache full:https://registry.npmjs.org/@remix-run%2frouter cache-miss
121 silly fetch manifest @socket.io/component-emitter@~3.1.0
122 silly packumentCache full:https://registry.npmjs.org/@socket.io%2fcomponent-emitter cache-miss
123 silly fetch manifest debug@~4.4.1
124 silly packumentCache full:https://registry.npmjs.org/debug cache-miss
125 silly fetch manifest engine.io-client@~6.6.1
126 silly packumentCache full:https://registry.npmjs.org/engine.io-client cache-miss
127 silly fetch manifest socket.io-parser@~4.2.4
128 silly packumentCache full:https://registry.npmjs.org/socket.io-parser cache-miss
129 http cache https://registry.npmjs.org/@socket.io%2fcomponent-emitter 38ms (cache hit)
130 silly packumentCache full:https://registry.npmjs.org/@socket.io%2fcomponent-emitter set size:14099 disposed:false
131 http cache https://registry.npmjs.org/debug 39ms (cache hit)
132 silly packumentCache full:https://registry.npmjs.org/debug set size:195840 disposed:false
133 http cache https://registry.npmjs.org/fsevents 43ms (cache hit)
134 silly packumentCache full:https://registry.npmjs.org/fsevents set size:182472 disposed:false
135 http cache https://registry.npmjs.org/socket.io-parser 43ms (cache hit)
136 silly packumentCache full:https://registry.npmjs.org/socket.io-parser set size:124220 disposed:false
137 http cache https://registry.npmjs.org/postcss 47ms (cache hit)
138 silly packumentCache full:https://registry.npmjs.org/postcss set size:708244 disposed:false
139 http fetch GET 200 https://registry.npmjs.org/@babel%2fcore 587ms (cache miss)
140 silly packumentCache full:https://registry.npmjs.org/@babel%2fcore set size:undefined disposed:false
141 http fetch GET 200 https://registry.npmjs.org/proxy-from-env 737ms (cache miss)
142 silly packumentCache full:https://registry.npmjs.org/proxy-from-env set size:undefined disposed:false
143 http fetch GET 200 https://registry.npmjs.org/loose-envify 738ms (cache miss)
144 silly packumentCache full:https://registry.npmjs.org/loose-envify set size:undefined disposed:false
145 http fetch GET 200 https://registry.npmjs.org/loose-envify 739ms (cache miss)
146 silly packumentCache full:https://registry.npmjs.org/loose-envify set size:undefined disposed:false
147 http fetch GET 200 https://registry.npmjs.org/@types%2fbabel__core 762ms (cache miss)
148 silly packumentCache full:https://registry.npmjs.org/@types%2fbabel__core set size:undefined disposed:false
149 http fetch GET 200 https://registry.npmjs.org/@babel%2fplugin-transform-react-jsx-source 816ms (cache miss)
150 silly packumentCache full:https://registry.npmjs.org/@babel%2fplugin-transform-react-jsx-source set size:undefined disposed:false
151 http fetch GET 200 https://registry.npmjs.org/@rolldown%2fpluginutils 824ms (cache miss)
152 silly packumentCache full:https://registry.npmjs.org/@rolldown%2fpluginutils set size:undefined disposed:false
153 http fetch GET 200 https://registry.npmjs.org/form-data 836ms (cache miss)
154 silly packumentCache full:https://registry.npmjs.org/form-data set size:undefined disposed:false
155 http fetch GET 200 https://registry.npmjs.org/follow-redirects 1016ms (cache miss)
156 silly packumentCache full:https://registry.npmjs.org/follow-redirects set size:undefined disposed:false
157 http fetch GET 200 https://registry.npmjs.org/@babel%2fplugin-transform-react-jsx-self 1032ms (cache miss)
158 silly packumentCache full:https://registry.npmjs.org/@babel%2fplugin-transform-react-jsx-self set size:undefined disposed:false
159 http fetch GET 200 https://registry.npmjs.org/@remix-run%2frouter 1967ms (cache miss)
160 silly packumentCache full:https://registry.npmjs.org/@remix-run%2frouter set size:undefined disposed:false
161 http fetch GET 200 https://registry.npmjs.org/engine.io-client 2129ms (cache miss)
162 silly packumentCache full:https://registry.npmjs.org/engine.io-client set size:undefined disposed:false
163 http fetch GET 200 https://registry.npmjs.org/esbuild 2296ms (cache miss)
164 silly packumentCache full:https://registry.npmjs.org/esbuild set size:undefined disposed:false
165 http fetch GET 200 https://registry.npmjs.org/rollup 2873ms (cache miss)
166 silly packumentCache full:https://registry.npmjs.org/rollup set size:undefined disposed:false
167 http fetch GET 200 https://registry.npmjs.org/react-router 2905ms (cache miss)
168 silly packumentCache full:https://registry.npmjs.org/react-router set size:undefined disposed:false
169 http fetch GET 200 https://registry.npmjs.org/scheduler 3796ms (cache miss)
170 silly packumentCache full:https://registry.npmjs.org/scheduler set size:undefined disposed:false
171 http fetch GET 200 https://registry.npmjs.org/react-refresh 4542ms (cache miss)
172 silly packumentCache full:https://registry.npmjs.org/react-refresh set size:undefined disposed:false
173 silly placeDep ROOT @babel/core@7.29.0 OK for: @vitejs/plugin-react@4.7.0 want: ^7.28.0
174 silly placeDep ROOT @babel/plugin-transform-react-jsx-self@7.27.1 OK for: @vitejs/plugin-react@4.7.0 want: ^7.27.1
175 silly placeDep ROOT @babel/plugin-transform-react-jsx-source@7.27.1 OK for: @vitejs/plugin-react@4.7.0 want: ^7.27.1
176 silly placeDep ROOT @rolldown/pluginutils@1.0.0-beta.27 OK for: @vitejs/plugin-react@4.7.0 want: 1.0.0-beta.27
177 silly placeDep ROOT @types/babel__core@7.20.5 OK for: @vitejs/plugin-react@4.7.0 want: ^7.20.5
178 silly placeDep ROOT react-refresh@0.17.0 OK for: @vitejs/plugin-react@4.7.0 want: ^0.17.0
179 silly fetch manifest debug@^4.1.0
180 silly packumentCache full:https://registry.npmjs.org/debug cache-hit
181 silly fetch manifest json5@^2.2.3
182 silly packumentCache full:https://registry.npmjs.org/json5 cache-miss
183 silly fetch manifest semver@^6.3.1
184 silly packumentCache full:https://registry.npmjs.org/semver cache-miss
185 silly fetch manifest gensync@^1.0.0-beta.2
186 silly packumentCache full:https://registry.npmjs.org/gensync cache-miss
187 silly fetch manifest @babel/types@^7.29.0
188 silly packumentCache full:https://registry.npmjs.org/@babel%2ftypes cache-miss
189 silly fetch manifest @babel/parser@^7.29.0
190 silly packumentCache full:https://registry.npmjs.org/@babel%2fparser cache-miss
191 silly fetch manifest @babel/helpers@^7.28.6
192 silly packumentCache full:https://registry.npmjs.org/@babel%2fhelpers cache-miss
193 silly fetch manifest @babel/template@^7.28.6
194 silly packumentCache full:https://registry.npmjs.org/@babel%2ftemplate cache-miss
195 silly fetch manifest @babel/traverse@^7.29.0
196 silly packumentCache full:https://registry.npmjs.org/@babel%2ftraverse cache-miss
197 silly fetch manifest @babel/generator@^7.29.0
198 silly packumentCache full:https://registry.npmjs.org/@babel%2fgenerator cache-miss
199 silly fetch manifest @babel/code-frame@^7.29.0
200 silly packumentCache full:https://registry.npmjs.org/@babel%2fcode-frame cache-miss
201 silly fetch manifest convert-source-map@^2.0.0
202 silly packumentCache full:https://registry.npmjs.org/convert-source-map cache-miss
203 silly fetch manifest @jridgewell/remapping@^2.3.5
204 silly packumentCache full:https://registry.npmjs.org/@jridgewell%2fremapping cache-miss
205 silly fetch manifest @babel/helper-module-transforms@^7.28.6
206 silly packumentCache full:https://registry.npmjs.org/@babel%2fhelper-module-transforms cache-miss
207 silly fetch manifest @babel/helper-compilation-targets@^7.28.6
208 silly packumentCache full:https://registry.npmjs.org/@babel%2fhelper-compilation-targets cache-miss
209 silly fetch manifest @babel/helper-plugin-utils@^7.27.1
210 silly packumentCache full:https://registry.npmjs.org/@babel%2fhelper-plugin-utils cache-miss
211 silly fetch manifest @babel/helper-plugin-utils@^7.27.1
212 silly packumentCache full:https://registry.npmjs.org/@babel%2fhelper-plugin-utils cache-miss
213 silly fetch manifest @babel/types@^7.20.7
214 silly packumentCache full:https://registry.npmjs.org/@babel%2ftypes cache-miss
215 silly fetch manifest @babel/parser@^7.20.7
216 silly packumentCache full:https://registry.npmjs.org/@babel%2fparser cache-miss
217 silly fetch manifest @types/babel__template@*
218 silly packumentCache full:https://registry.npmjs.org/@types%2fbabel__template cache-miss
219 silly fetch manifest @types/babel__traverse@*
220 silly packumentCache full:https://registry.npmjs.org/@types%2fbabel__traverse cache-miss
221 silly fetch manifest @types/babel__generator@*
222 silly packumentCache full:https://registry.npmjs.org/@types%2fbabel__generator cache-miss
223 http cache https://registry.npmjs.org/semver 19ms (cache hit)
224 silly packumentCache full:https://registry.npmjs.org/semver set size:229620 disposed:false
225 http fetch GET 200 https://registry.npmjs.org/gensync 83ms (cache miss)
226 silly packumentCache full:https://registry.npmjs.org/gensync set size:undefined disposed:false
227 http fetch GET 200 https://registry.npmjs.org/json5 103ms (cache miss)
228 silly packumentCache full:https://registry.npmjs.org/json5 set size:undefined disposed:false
229 http fetch GET 200 https://registry.npmjs.org/convert-source-map 365ms (cache miss)
230 silly packumentCache full:https://registry.npmjs.org/convert-source-map set size:undefined disposed:false
231 http fetch GET 200 https://registry.npmjs.org/@babel%2fcode-frame 366ms (cache miss)
232 silly packumentCache full:https://registry.npmjs.org/@babel%2fcode-frame set size:undefined disposed:false
233 http fetch GET 200 https://registry.npmjs.org/@jridgewell%2fremapping 375ms (cache miss)
234 silly packumentCache full:https://registry.npmjs.org/@jridgewell%2fremapping set size:undefined disposed:false
235 http fetch GET 200 https://registry.npmjs.org/@babel%2ftemplate 397ms (cache miss)
236 silly packumentCache full:https://registry.npmjs.org/@babel%2ftemplate set size:undefined disposed:false
237 http fetch GET 200 https://registry.npmjs.org/@babel%2fhelper-plugin-utils 403ms (cache miss)
238 silly packumentCache full:https://registry.npmjs.org/@babel%2fhelper-plugin-utils set size:undefined disposed:false
239 http fetch GET 200 https://registry.npmjs.org/@babel%2fhelper-plugin-utils 426ms (cache miss)
240 silly packumentCache full:https://registry.npmjs.org/@babel%2fhelper-plugin-utils set size:undefined disposed:false
241 http fetch GET 200 https://registry.npmjs.org/@babel%2fhelper-module-transforms 435ms (cache miss)
242 silly packumentCache full:https://registry.npmjs.org/@babel%2fhelper-module-transforms set size:undefined disposed:false
243 http fetch GET 200 https://registry.npmjs.org/@babel%2fhelper-compilation-targets 442ms (cache miss)
244 silly packumentCache full:https://registry.npmjs.org/@babel%2fhelper-compilation-targets set size:undefined disposed:false
245 http fetch GET 200 https://registry.npmjs.org/@babel%2fhelpers 470ms (cache miss)
246 silly packumentCache full:https://registry.npmjs.org/@babel%2fhelpers set size:undefined disposed:false
247 http fetch GET 200 https://registry.npmjs.org/@babel%2fgenerator 470ms (cache miss)
248 silly packumentCache full:https://registry.npmjs.org/@babel%2fgenerator set size:undefined disposed:false
249 http fetch GET 200 https://registry.npmjs.org/@types%2fbabel__template 478ms (cache miss)
250 silly packumentCache full:https://registry.npmjs.org/@types%2fbabel__template set size:undefined disposed:false
251 http fetch GET 200 https://registry.npmjs.org/@babel%2ftypes 504ms (cache miss)
252 silly packumentCache full:https://registry.npmjs.org/@babel%2ftypes set size:undefined disposed:false
253 http fetch GET 200 https://registry.npmjs.org/@types%2fbabel__traverse 505ms (cache miss)
254 silly packumentCache full:https://registry.npmjs.org/@types%2fbabel__traverse set size:undefined disposed:false
255 http fetch GET 200 https://registry.npmjs.org/@babel%2ftraverse 511ms (cache miss)
256 silly packumentCache full:https://registry.npmjs.org/@babel%2ftraverse set size:undefined disposed:false
257 http fetch GET 200 https://registry.npmjs.org/@babel%2ftypes 514ms (cache miss)
258 silly packumentCache full:https://registry.npmjs.org/@babel%2ftypes set size:undefined disposed:false
259 http fetch GET 200 https://registry.npmjs.org/@types%2fbabel__generator 564ms (cache miss)
260 silly packumentCache full:https://registry.npmjs.org/@types%2fbabel__generator set size:undefined disposed:false
261 http fetch GET 200 https://registry.npmjs.org/@babel%2fparser 567ms (cache miss)
262 silly packumentCache full:https://registry.npmjs.org/@babel%2fparser set size:undefined disposed:false
263 http fetch GET 200 https://registry.npmjs.org/@babel%2fparser 718ms (cache miss)
264 silly packumentCache full:https://registry.npmjs.org/@babel%2fparser set size:undefined disposed:false
265 silly fetch manifest @babel/core@^7.0.0
266 silly packumentCache full:https://registry.npmjs.org/@babel%2fcore cache-miss
267 http cache https://registry.npmjs.org/@babel%2fcore 24ms (cache hit)
268 silly packumentCache full:https://registry.npmjs.org/@babel%2fcore set size:760113 disposed:false
269 silly placeDep ROOT @babel/code-frame@7.29.0 OK for: @babel/core@7.29.0 want: ^7.29.0
270 silly placeDep ROOT @babel/generator@7.29.1 OK for: @babel/core@7.29.0 want: ^7.29.0
271 silly placeDep ROOT @babel/helper-compilation-targets@7.28.6 OK for: @babel/core@7.29.0 want: ^7.28.6
272 silly placeDep ROOT @babel/helper-module-transforms@7.28.6 OK for: @babel/core@7.29.0 want: ^7.28.6
273 silly placeDep ROOT @babel/helpers@7.29.2 OK for: @babel/core@7.29.0 want: ^7.28.6
274 silly placeDep ROOT @babel/parser@7.29.2 OK for: @babel/core@7.29.0 want: ^7.29.0
275 silly placeDep ROOT @babel/template@7.28.6 OK for: @babel/core@7.29.0 want: ^7.28.6
276 silly placeDep ROOT @babel/traverse@7.29.0 OK for: @babel/core@7.29.0 want: ^7.29.0
277 silly placeDep ROOT @babel/types@7.29.0 OK for: @babel/core@7.29.0 want: ^7.29.0
278 silly placeDep ROOT @jridgewell/remapping@2.3.5 OK for: @babel/core@7.29.0 want: ^2.3.5
279 silly placeDep ROOT convert-source-map@2.0.0 OK for: @babel/core@7.29.0 want: ^2.0.0
280 silly placeDep ROOT debug@4.4.3 OK for: @babel/core@7.29.0 want: ^4.1.0
281 silly placeDep ROOT gensync@1.0.0-beta.2 OK for: @babel/core@7.29.0 want: ^1.0.0-beta.2
282 silly placeDep ROOT json5@2.2.3 OK for: @babel/core@7.29.0 want: ^2.2.3
283 silly placeDep ROOT semver@6.3.1 OK for: @babel/core@7.29.0 want: ^6.3.1
284 silly fetch manifest js-tokens@^4.0.0
285 silly packumentCache full:https://registry.npmjs.org/js-tokens cache-miss
286 silly fetch manifest picocolors@^1.1.1
287 silly packumentCache full:https://registry.npmjs.org/picocolors cache-miss
288 silly fetch manifest @babel/helper-validator-identifier@^7.28.5
289 silly packumentCache full:https://registry.npmjs.org/@babel%2fhelper-validator-identifier cache-miss
290 silly fetch manifest jsesc@^3.0.2
291 silly packumentCache full:https://registry.npmjs.org/jsesc cache-miss
292 silly fetch manifest @jridgewell/gen-mapping@^0.3.12
293 silly packumentCache full:https://registry.npmjs.org/@jridgewell%2fgen-mapping cache-miss
294 silly fetch manifest @jridgewell/trace-mapping@^0.3.28
295 silly packumentCache full:https://registry.npmjs.org/@jridgewell%2ftrace-mapping cache-miss
296 silly fetch manifest lru-cache@^5.1.1
297 silly packumentCache full:https://registry.npmjs.org/lru-cache cache-miss
298 silly fetch manifest browserslist@^4.24.0
299 silly packumentCache full:https://registry.npmjs.org/browserslist cache-miss
300 silly fetch manifest @babel/compat-data@^7.28.6
301 silly packumentCache full:https://registry.npmjs.org/@babel%2fcompat-data cache-miss
302 silly fetch manifest @babel/helper-validator-option@^7.27.1
303 silly packumentCache full:https://registry.npmjs.org/@babel%2fhelper-validator-option cache-miss
304 silly fetch manifest @babel/traverse@^7.28.6
305 silly packumentCache full:https://registry.npmjs.org/@babel%2ftraverse cache-miss
306 silly fetch manifest @babel/helper-module-imports@^7.28.6
307 silly packumentCache full:https://registry.npmjs.org/@babel%2fhelper-module-imports cache-miss
308 silly fetch manifest @babel/helper-validator-identifier@^7.28.5
309 silly packumentCache full:https://registry.npmjs.org/@babel%2fhelper-validator-identifier cache-miss
310 silly fetch manifest @babel/types@^7.28.6
311 silly packumentCache full:https://registry.npmjs.org/@babel%2ftypes cache-miss
312 silly fetch manifest debug@^4.3.1
313 silly packumentCache full:https://registry.npmjs.org/debug cache-hit
314 silly fetch manifest @babel/helper-globals@^7.28.0
315 silly packumentCache full:https://registry.npmjs.org/@babel%2fhelper-globals cache-miss
316 silly fetch manifest @babel/helper-string-parser@^7.27.1
317 silly packumentCache full:https://registry.npmjs.org/@babel%2fhelper-string-parser cache-miss
318 silly fetch manifest @babel/helper-validator-identifier@^7.28.5
319 silly packumentCache full:https://registry.npmjs.org/@babel%2fhelper-validator-identifier cache-miss
320 silly fetch manifest @jridgewell/gen-mapping@^0.3.5
321 silly packumentCache full:https://registry.npmjs.org/@jridgewell%2fgen-mapping cache-miss
322 silly fetch manifest @jridgewell/trace-mapping@^0.3.24
323 silly packumentCache full:https://registry.npmjs.org/@jridgewell%2ftrace-mapping cache-miss
324 silly fetch manifest ms@^2.1.3
325 silly packumentCache full:https://registry.npmjs.org/ms cache-miss
326 http cache https://registry.npmjs.org/@babel%2ftypes 10ms (cache hit)
327 silly packumentCache full:https://registry.npmjs.org/@babel%2ftypes set size:487885 disposed:false
328 http cache https://registry.npmjs.org/@babel%2ftraverse 12ms (cache hit)
329 silly packumentCache full:https://registry.npmjs.org/@babel%2ftraverse set size:548722 disposed:false
330 http cache https://registry.npmjs.org/ms 13ms (cache hit)
331 silly packumentCache full:https://registry.npmjs.org/ms set size:92208 disposed:false
332 http fetch GET 200 https://registry.npmjs.org/picocolors 81ms (cache miss)
333 silly packumentCache full:https://registry.npmjs.org/picocolors set size:undefined disposed:false
334 http fetch GET 200 https://registry.npmjs.org/js-tokens 84ms (cache miss)
335 silly packumentCache full:https://registry.npmjs.org/js-tokens set size:undefined disposed:false
336 http fetch GET 200 https://registry.npmjs.org/@jridgewell%2ftrace-mapping 126ms (cache miss)
337 silly packumentCache full:https://registry.npmjs.org/@jridgewell%2ftrace-mapping set size:undefined disposed:false
338 http fetch GET 200 https://registry.npmjs.org/@babel%2fhelper-globals 141ms (cache miss)
339 silly packumentCache full:https://registry.npmjs.org/@babel%2fhelper-globals set size:undefined disposed:false
340 http fetch GET 200 https://registry.npmjs.org/@babel%2fhelper-validator-option 163ms (cache miss)
341 silly packumentCache full:https://registry.npmjs.org/@babel%2fhelper-validator-option set size:undefined disposed:false
342 http fetch GET 200 https://registry.npmjs.org/@babel%2fhelper-validator-identifier 166ms (cache miss)
343 silly packumentCache full:https://registry.npmjs.org/@babel%2fhelper-validator-identifier set size:undefined disposed:false
344 http fetch GET 200 https://registry.npmjs.org/@babel%2fhelper-validator-identifier 172ms (cache miss)
345 silly packumentCache full:https://registry.npmjs.org/@babel%2fhelper-validator-identifier set size:undefined disposed:false
346 http fetch GET 200 https://registry.npmjs.org/jsesc 177ms (cache miss)
347 silly packumentCache full:https://registry.npmjs.org/jsesc set size:undefined disposed:false
348 http fetch GET 200 https://registry.npmjs.org/@babel%2fhelper-validator-identifier 276ms (cache miss)
349 silly packumentCache full:https://registry.npmjs.org/@babel%2fhelper-validator-identifier set size:undefined disposed:false
350 http fetch GET 200 https://registry.npmjs.org/@babel%2fhelper-string-parser 275ms (cache miss)
351 silly packumentCache full:https://registry.npmjs.org/@babel%2fhelper-string-parser set size:undefined disposed:false
352 http fetch GET 200 https://registry.npmjs.org/@jridgewell%2fgen-mapping 283ms (cache miss)
353 silly packumentCache full:https://registry.npmjs.org/@jridgewell%2fgen-mapping set size:undefined disposed:false
354 http fetch GET 200 https://registry.npmjs.org/@babel%2fhelper-module-imports 282ms (cache miss)
355 silly packumentCache full:https://registry.npmjs.org/@babel%2fhelper-module-imports set size:undefined disposed:false
356 http fetch GET 200 https://registry.npmjs.org/@jridgewell%2fgen-mapping 403ms (cache miss)
357 silly packumentCache full:https://registry.npmjs.org/@jridgewell%2fgen-mapping set size:undefined disposed:false
358 http fetch GET 200 https://registry.npmjs.org/lru-cache 406ms (cache miss)
359 silly packumentCache full:https://registry.npmjs.org/lru-cache set size:undefined disposed:false
360 http fetch GET 200 https://registry.npmjs.org/@babel%2fcompat-data 413ms (cache miss)
361 silly packumentCache full:https://registry.npmjs.org/@babel%2fcompat-data set size:undefined disposed:false
362 http fetch GET 200 https://registry.npmjs.org/@jridgewell%2ftrace-mapping 413ms (cache miss)
363 silly packumentCache full:https://registry.npmjs.org/@jridgewell%2ftrace-mapping set size:undefined disposed:false
364 http fetch GET 200 https://registry.npmjs.org/browserslist 487ms (cache miss)
365 silly packumentCache full:https://registry.npmjs.org/browserslist set size:undefined disposed:false
366 silly placeDep ROOT @babel/helper-validator-identifier@7.28.5 OK for: @babel/code-frame@7.29.0 want: ^7.28.5
367 silly placeDep ROOT js-tokens@4.0.0 OK for: @babel/code-frame@7.29.0 want: ^4.0.0
368 silly placeDep ROOT picocolors@1.1.1 OK for: @babel/code-frame@7.29.0 want: ^1.1.1
369 silly placeDep ROOT @jridgewell/gen-mapping@0.3.13 OK for: @babel/generator@7.29.1 want: ^0.3.12
370 silly placeDep ROOT @jridgewell/trace-mapping@0.3.31 OK for: @babel/generator@7.29.1 want: ^0.3.28
371 silly placeDep ROOT jsesc@3.1.0 OK for: @babel/generator@7.29.1 want: ^3.0.2
372 silly fetch manifest @jridgewell/sourcemap-codec@^1.5.0
373 silly packumentCache full:https://registry.npmjs.org/@jridgewell%2fsourcemap-codec cache-miss
374 silly fetch manifest @jridgewell/resolve-uri@^3.1.0
375 silly packumentCache full:https://registry.npmjs.org/@jridgewell%2fresolve-uri cache-miss
376 silly fetch manifest @jridgewell/sourcemap-codec@^1.4.14
377 silly packumentCache full:https://registry.npmjs.org/@jridgewell%2fsourcemap-codec cache-miss
378 http fetch GET 200 https://registry.npmjs.org/@jridgewell%2fsourcemap-codec 94ms (cache miss)
379 silly packumentCache full:https://registry.npmjs.org/@jridgewell%2fsourcemap-codec set size:undefined disposed:false
380 http fetch GET 200 https://registry.npmjs.org/@jridgewell%2fresolve-uri 98ms (cache miss)
381 silly packumentCache full:https://registry.npmjs.org/@jridgewell%2fresolve-uri set size:undefined disposed:false
382 http fetch GET 200 https://registry.npmjs.org/@jridgewell%2fsourcemap-codec 107ms (cache miss)
383 silly packumentCache full:https://registry.npmjs.org/@jridgewell%2fsourcemap-codec set size:undefined disposed:false
384 silly placeDep ROOT @babel/compat-data@7.29.0 OK for: @babel/helper-compilation-targets@7.28.6 want: ^7.28.6
385 silly placeDep ROOT @babel/helper-validator-option@7.27.1 OK for: @babel/helper-compilation-targets@7.28.6 want: ^7.27.1
386 silly placeDep ROOT browserslist@4.28.2 OK for: @babel/helper-compilation-targets@7.28.6 want: ^4.24.0
387 silly placeDep ROOT lru-cache@5.1.1 OK for: @babel/helper-compilation-targets@7.28.6 want: ^5.1.1
388 silly fetch manifest baseline-browser-mapping@^2.10.12
389 silly packumentCache full:https://registry.npmjs.org/baseline-browser-mapping cache-miss
390 silly fetch manifest caniuse-lite@^1.0.30001782
391 silly packumentCache full:https://registry.npmjs.org/caniuse-lite cache-miss
392 silly fetch manifest electron-to-chromium@^1.5.328
393 silly packumentCache full:https://registry.npmjs.org/electron-to-chromium cache-miss
394 silly fetch manifest node-releases@^2.0.36
395 silly packumentCache full:https://registry.npmjs.org/node-releases cache-miss
396 silly fetch manifest update-browserslist-db@^1.2.3
397 silly packumentCache full:https://registry.npmjs.org/update-browserslist-db cache-miss
398 silly fetch manifest yallist@^3.0.2
399 silly packumentCache full:https://registry.npmjs.org/yallist cache-miss
400 http fetch GET 200 https://registry.npmjs.org/baseline-browser-mapping 166ms (cache miss)
401 silly packumentCache full:https://registry.npmjs.org/baseline-browser-mapping set size:undefined disposed:false
402 http fetch GET 200 https://registry.npmjs.org/update-browserslist-db 176ms (cache miss)
403 silly packumentCache full:https://registry.npmjs.org/update-browserslist-db set size:undefined disposed:false
404 http fetch GET 200 https://registry.npmjs.org/yallist 178ms (cache miss)
405 silly packumentCache full:https://registry.npmjs.org/yallist set size:undefined disposed:false
406 http fetch GET 200 https://registry.npmjs.org/node-releases 237ms (cache miss)
407 silly packumentCache full:https://registry.npmjs.org/node-releases set size:undefined disposed:false
408 http fetch GET 200 https://registry.npmjs.org/electron-to-chromium 786ms (cache miss)
409 silly packumentCache full:https://registry.npmjs.org/electron-to-chromium set size:undefined disposed:false
410 http fetch GET 200 https://registry.npmjs.org/caniuse-lite 1470ms (cache miss)
411 silly packumentCache full:https://registry.npmjs.org/caniuse-lite set size:undefined disposed:false
412 silly placeDep ROOT @babel/helper-module-imports@7.28.6 OK for: @babel/helper-module-transforms@7.28.6 want: ^7.28.6
413 silly placeDep ROOT @babel/helper-plugin-utils@7.28.6 OK for: @babel/plugin-transform-react-jsx-self@7.27.1 want: ^7.27.1
414 silly placeDep ROOT @babel/helper-globals@7.28.0 OK for: @babel/traverse@7.29.0 want: ^7.28.0
415 silly placeDep ROOT @babel/helper-string-parser@7.27.1 OK for: @babel/types@7.29.0 want: ^7.27.1
416 silly placeDep ROOT @jridgewell/sourcemap-codec@1.5.5 OK for: @jridgewell/gen-mapping@0.3.13 want: ^1.5.0
417 silly placeDep ROOT @jridgewell/resolve-uri@3.1.2 OK for: @jridgewell/trace-mapping@0.3.31 want: ^3.1.0
418 silly placeDep ROOT @types/babel__generator@7.27.0 OK for: @types/babel__core@7.20.5 want: *
419 silly placeDep ROOT @types/babel__template@7.4.4 OK for: @types/babel__core@7.20.5 want: *
420 silly placeDep ROOT @types/babel__traverse@7.28.0 OK for: @types/babel__core@7.20.5 want: *
421 silly placeDep ROOT follow-redirects@1.16.0 OK for: axios@1.15.1 want: ^1.15.11
422 silly placeDep ROOT form-data@4.0.5 OK for: axios@1.15.1 want: ^4.0.5
423 silly placeDep ROOT proxy-from-env@2.1.0 OK for: axios@1.15.1 want: ^2.1.0
424 silly fetch manifest asynckit@^0.4.0
425 silly packumentCache full:https://registry.npmjs.org/asynckit cache-miss
426 silly fetch manifest combined-stream@^1.0.8
427 silly packumentCache full:https://registry.npmjs.org/combined-stream cache-miss
428 silly fetch manifest es-set-tostringtag@^2.1.0
429 silly packumentCache full:https://registry.npmjs.org/es-set-tostringtag cache-miss
430 silly fetch manifest hasown@^2.0.2
431 silly packumentCache full:https://registry.npmjs.org/hasown cache-miss
432 silly fetch manifest mime-types@^2.1.12
433 silly packumentCache full:https://registry.npmjs.org/mime-types cache-miss
434 http cache https://registry.npmjs.org/hasown 13ms (cache hit)
435 silly packumentCache full:https://registry.npmjs.org/hasown set size:15429 disposed:false
436 http cache https://registry.npmjs.org/mime-types 13ms (cache hit)
437 silly packumentCache full:https://registry.npmjs.org/mime-types set size:139110 disposed:false
438 http fetch GET 200 https://registry.npmjs.org/es-set-tostringtag 94ms (cache miss)
439 silly packumentCache full:https://registry.npmjs.org/es-set-tostringtag set size:undefined disposed:false
440 http fetch GET 200 https://registry.npmjs.org/asynckit 95ms (cache miss)
441 silly packumentCache full:https://registry.npmjs.org/asynckit set size:undefined disposed:false
442 http fetch GET 200 https://registry.npmjs.org/combined-stream 96ms (cache miss)
443 silly packumentCache full:https://registry.npmjs.org/combined-stream set size:undefined disposed:false
444 silly fetch manifest browserslist@>= 4.21.0
445 silly packumentCache full:https://registry.npmjs.org/browserslist cache-miss
446 http cache https://registry.npmjs.org/browserslist 6ms (cache hit)
447 silly packumentCache full:https://registry.npmjs.org/browserslist set size:504681 disposed:false
448 silly placeDep ROOT baseline-browser-mapping@2.10.20 OK for: browserslist@4.28.2 want: ^2.10.12
449 silly placeDep ROOT caniuse-lite@1.0.30001788 OK for: browserslist@4.28.2 want: ^1.0.30001782
450 silly placeDep ROOT electron-to-chromium@1.5.340 OK for: browserslist@4.28.2 want: ^1.5.328
451 silly placeDep ROOT node-releases@2.0.37 OK for: browserslist@4.28.2 want: ^2.0.36
452 silly placeDep ROOT update-browserslist-db@1.2.3 OK for: browserslist@4.28.2 want: ^1.2.3
453 silly fetch manifest escalade@^3.2.0
454 silly packumentCache full:https://registry.npmjs.org/escalade cache-miss
455 http fetch GET 200 https://registry.npmjs.org/escalade 113ms (cache miss)
456 silly packumentCache full:https://registry.npmjs.org/escalade set size:undefined disposed:false
457 silly placeDep ROOT ms@2.1.3 OK for: debug@4.4.3 want: ^2.1.3
458 silly placeDep ROOT asynckit@0.4.0 OK for: form-data@4.0.5 want: ^0.4.0
459 silly placeDep ROOT combined-stream@1.0.8 OK for: form-data@4.0.5 want: ^1.0.8
460 silly placeDep ROOT es-set-tostringtag@2.1.0 OK for: form-data@4.0.5 want: ^2.1.0
461 silly placeDep ROOT hasown@2.0.3 OK for: form-data@4.0.5 want: ^2.0.2
462 silly placeDep ROOT mime-types@2.1.35 OK for: form-data@4.0.5 want: ^2.1.12
463 silly fetch manifest delayed-stream@~1.0.0
464 silly packumentCache full:https://registry.npmjs.org/delayed-stream cache-miss
465 silly fetch manifest es-errors@^1.3.0
466 silly packumentCache full:https://registry.npmjs.org/es-errors cache-miss
467 silly fetch manifest get-intrinsic@^1.2.6
468 silly packumentCache full:https://registry.npmjs.org/get-intrinsic cache-miss
469 silly fetch manifest has-tostringtag@^1.0.2
470 silly packumentCache full:https://registry.npmjs.org/has-tostringtag cache-miss
471 silly fetch manifest function-bind@^1.1.2
472 silly packumentCache full:https://registry.npmjs.org/function-bind cache-miss
473 silly fetch manifest mime-db@1.52.0
474 silly packumentCache full:https://registry.npmjs.org/mime-db cache-miss
475 http cache https://registry.npmjs.org/es-errors 13ms (cache hit)
476 silly packumentCache full:https://registry.npmjs.org/es-errors set size:16918 disposed:false
477 http cache https://registry.npmjs.org/get-intrinsic 15ms (cache hit)
478 silly packumentCache full:https://registry.npmjs.org/get-intrinsic set size:60985 disposed:false
479 http cache https://registry.npmjs.org/mime-db 16ms (cache hit)
480 silly packumentCache full:https://registry.npmjs.org/mime-db set size:164953 disposed:false
481 http cache https://registry.npmjs.org/function-bind 17ms (cache hit)
482 silly packumentCache full:https://registry.npmjs.org/function-bind set size:15733 disposed:false
483 http fetch GET 200 https://registry.npmjs.org/delayed-stream 229ms (cache miss)
484 silly packumentCache full:https://registry.npmjs.org/delayed-stream set size:undefined disposed:false
485 http fetch GET 200 https://registry.npmjs.org/has-tostringtag 271ms (cache miss)
486 silly packumentCache full:https://registry.npmjs.org/has-tostringtag set size:undefined disposed:false
487 silly placeDep ROOT delayed-stream@1.0.0 OK for: combined-stream@1.0.8 want: ~1.0.0
488 silly placeDep ROOT es-errors@1.3.0 OK for: es-set-tostringtag@2.1.0 want: ^1.3.0
489 silly placeDep ROOT get-intrinsic@1.3.0 OK for: es-set-tostringtag@2.1.0 want: ^1.2.6
490 silly placeDep ROOT has-tostringtag@1.0.2 OK for: es-set-tostringtag@2.1.0 want: ^1.0.2
491 silly fetch manifest gopd@^1.2.0
492 silly packumentCache full:https://registry.npmjs.org/gopd cache-miss
493 silly fetch manifest get-proto@^1.0.1
494 silly packumentCache full:https://registry.npmjs.org/get-proto cache-miss
495 silly fetch manifest has-symbols@^1.1.0
496 silly packumentCache full:https://registry.npmjs.org/has-symbols cache-miss
497 silly fetch manifest es-object-atoms@^1.1.1
498 silly packumentCache full:https://registry.npmjs.org/es-object-atoms cache-miss
499 silly fetch manifest math-intrinsics@^1.1.0
500 silly packumentCache full:https://registry.npmjs.org/math-intrinsics cache-miss
501 silly fetch manifest es-define-property@^1.0.1
502 silly packumentCache full:https://registry.npmjs.org/es-define-property cache-miss
503 silly fetch manifest call-bind-apply-helpers@^1.0.2
504 silly packumentCache full:https://registry.npmjs.org/call-bind-apply-helpers cache-miss
505 silly fetch manifest has-symbols@^1.0.3
506 silly packumentCache full:https://registry.npmjs.org/has-symbols cache-miss
507 http cache https://registry.npmjs.org/has-symbols 9ms (cache hit)
508 silly packumentCache full:https://registry.npmjs.org/has-symbols set size:21550 disposed:false
509 http cache https://registry.npmjs.org/get-proto 10ms (cache hit)
510 silly packumentCache full:https://registry.npmjs.org/get-proto set size:8300 disposed:false
511 http cache https://registry.npmjs.org/gopd 10ms (cache hit)
512 silly packumentCache full:https://registry.npmjs.org/gopd set size:11458 disposed:false
513 http cache https://registry.npmjs.org/es-define-property 10ms (cache hit)
514 silly packumentCache full:https://registry.npmjs.org/es-define-property set size:8542 disposed:false
515 http cache https://registry.npmjs.org/es-object-atoms 10ms (cache hit)
516 silly packumentCache full:https://registry.npmjs.org/es-object-atoms set size:15304 disposed:false
517 http cache https://registry.npmjs.org/has-symbols 11ms (cache hit)
518 silly packumentCache full:https://registry.npmjs.org/has-symbols set size:21550 disposed:false
519 silly packumentCache full:https://registry.npmjs.org/has-symbols dispose
520 http cache https://registry.npmjs.org/math-intrinsics 11ms (cache hit)
521 silly packumentCache full:https://registry.npmjs.org/math-intrinsics set size:9265 disposed:false
522 http cache https://registry.npmjs.org/call-bind-apply-helpers 12ms (cache hit)
523 silly packumentCache full:https://registry.npmjs.org/call-bind-apply-helpers set size:12744 disposed:false
524 silly placeDep ROOT call-bind-apply-helpers@1.0.2 OK for: get-intrinsic@1.3.0 want: ^1.0.2
525 silly placeDep ROOT es-define-property@1.0.1 OK for: get-intrinsic@1.3.0 want: ^1.0.1
526 silly placeDep ROOT es-object-atoms@1.1.1 OK for: get-intrinsic@1.3.0 want: ^1.1.1
527 silly placeDep ROOT function-bind@1.1.2 OK for: get-intrinsic@1.3.0 want: ^1.1.2
528 silly placeDep ROOT get-proto@1.0.1 OK for: get-intrinsic@1.3.0 want: ^1.0.1
529 silly placeDep ROOT gopd@1.2.0 OK for: get-intrinsic@1.3.0 want: ^1.2.0
530 silly placeDep ROOT has-symbols@1.1.0 OK for: get-intrinsic@1.3.0 want: ^1.1.0
531 silly placeDep ROOT math-intrinsics@1.1.0 OK for: get-intrinsic@1.3.0 want: ^1.1.0
532 silly fetch manifest dunder-proto@^1.0.1
533 silly packumentCache full:https://registry.npmjs.org/dunder-proto cache-miss
534 http cache https://registry.npmjs.org/dunder-proto 3ms (cache hit)
535 silly packumentCache full:https://registry.npmjs.org/dunder-proto set size:8256 disposed:false
536 silly placeDep ROOT dunder-proto@1.0.1 OK for: get-proto@1.0.1 want: ^1.0.1
537 silly placeDep ROOT yallist@3.1.1 OK for: lru-cache@5.1.1 want: ^3.0.2
538 silly placeDep ROOT mime-db@1.52.0 OK for: mime-types@2.1.35 want: 1.52.0
539 silly placeDep ROOT loose-envify@1.4.0 OK for: react@18.3.1 want: ^1.1.0
540 silly placeDep ROOT scheduler@0.23.2 OK for: react-dom@18.3.1 want: ^0.23.2
541 silly fetch manifest react@>=16.8
542 silly packumentCache full:https://registry.npmjs.org/react cache-miss
543 http cache https://registry.npmjs.org/react 11ms (cache hit)
544 silly packumentCache full:https://registry.npmjs.org/react set size:6613874 disposed:false
545 silly placeDep ROOT @remix-run/router@1.23.2 OK for: react-router-dom@6.30.3 want: 1.23.2
546 silly placeDep ROOT react-router@6.30.3 OK for: react-router-dom@6.30.3 want: 6.30.3
547 silly placeDep ROOT @socket.io/component-emitter@3.1.2 OK for: socket.io-client@4.8.3 want: ~3.1.0
548 silly placeDep ROOT engine.io-client@6.6.4 OK for: socket.io-client@4.8.3 want: ~6.6.1
549 silly placeDep ROOT socket.io-parser@4.2.6 OK for: socket.io-client@4.8.3 want: ~4.2.4
550 silly fetch manifest engine.io-parser@~5.2.1
551 silly packumentCache full:https://registry.npmjs.org/engine.io-parser cache-miss
552 silly fetch manifest ws@~8.18.3
553 silly packumentCache full:https://registry.npmjs.org/ws cache-miss
554 silly fetch manifest xmlhttprequest-ssl@~2.1.1
555 silly packumentCache full:https://registry.npmjs.org/xmlhttprequest-ssl cache-miss
556 http cache https://registry.npmjs.org/engine.io-parser 11ms (cache hit)
557 silly packumentCache full:https://registry.npmjs.org/engine.io-parser set size:116455 disposed:false
558 http cache https://registry.npmjs.org/ws 12ms (cache hit)
559 silly packumentCache full:https://registry.npmjs.org/ws set size:415737 disposed:false
560 http fetch GET 200 https://registry.npmjs.org/xmlhttprequest-ssl 80ms (cache miss)
561 silly packumentCache full:https://registry.npmjs.org/xmlhttprequest-ssl set size:undefined disposed:false
562 silly fetch manifest bufferutil@^4.0.1
563 silly packumentCache full:https://registry.npmjs.org/bufferutil cache-miss
564 http cache https://registry.npmjs.org/bufferutil 4ms (cache hit)
565 silly packumentCache full:https://registry.npmjs.org/bufferutil set size:52763 disposed:false
566 silly fetch manifest utf-8-validate@>=5.0.2
567 silly packumentCache full:https://registry.npmjs.org/utf-8-validate cache-miss
568 http cache https://registry.npmjs.org/utf-8-validate 4ms (cache hit)
569 silly packumentCache full:https://registry.npmjs.org/utf-8-validate set size:77148 disposed:false
570 silly placeDep ROOT engine.io-parser@5.2.3 OK for: engine.io-client@6.6.4 want: ~5.2.1
571 silly placeDep ROOT ws@8.18.3 OK for: engine.io-client@6.6.4 want: ~8.18.3
572 silly placeDep ROOT xmlhttprequest-ssl@2.1.2 OK for: engine.io-client@6.6.4 want: ~2.1.1
573 silly placeDep ROOT escalade@3.2.0 OK for: update-browserslist-db@1.2.3 want: ^3.2.0
574 silly placeDep ROOT esbuild@0.21.5 OK for: vite@5.4.21 want: ^0.21.3
575 silly placeDep ROOT fsevents@2.3.3 OK for: vite@5.4.21 want: ~2.3.3
576 silly placeDep ROOT postcss@8.5.10 OK for: vite@5.4.21 want: ^8.4.43
577 silly placeDep ROOT rollup@4.60.2 OK for: vite@5.4.21 want: ^4.20.0
578 silly fetch manifest @esbuild/aix-ppc64@0.21.5
579 silly packumentCache full:https://registry.npmjs.org/@esbuild%2faix-ppc64 cache-miss
580 silly fetch manifest @esbuild/linux-arm@0.21.5
581 silly packumentCache full:https://registry.npmjs.org/@esbuild%2flinux-arm cache-miss
582 silly fetch manifest @esbuild/linux-x64@0.21.5
583 silly packumentCache full:https://registry.npmjs.org/@esbuild%2flinux-x64 cache-miss
584 silly fetch manifest @esbuild/sunos-x64@0.21.5
585 silly packumentCache full:https://registry.npmjs.org/@esbuild%2fsunos-x64 cache-miss
586 silly fetch manifest @esbuild/win32-x64@0.21.5
587 silly packumentCache full:https://registry.npmjs.org/@esbuild%2fwin32-x64 cache-miss
588 silly fetch manifest @esbuild/darwin-x64@0.21.5
589 silly packumentCache full:https://registry.npmjs.org/@esbuild%2fdarwin-x64 cache-miss
590 silly fetch manifest @esbuild/linux-ia32@0.21.5
591 silly packumentCache full:https://registry.npmjs.org/@esbuild%2flinux-ia32 cache-miss
592 silly fetch manifest @esbuild/netbsd-x64@0.21.5
593 silly packumentCache full:https://registry.npmjs.org/@esbuild%2fnetbsd-x64 cache-miss
594 silly fetch manifest @esbuild/win32-ia32@0.21.5
595 silly packumentCache full:https://registry.npmjs.org/@esbuild%2fwin32-ia32 cache-miss
596 silly fetch manifest @esbuild/android-arm@0.21.5
597 silly packumentCache full:https://registry.npmjs.org/@esbuild%2fandroid-arm cache-miss
598 silly fetch manifest @esbuild/android-x64@0.21.5
599 silly packumentCache full:https://registry.npmjs.org/@esbuild%2fandroid-x64 cache-miss
600 silly fetch manifest @esbuild/freebsd-x64@0.21.5
601 silly packumentCache full:https://registry.npmjs.org/@esbuild%2ffreebsd-x64 cache-miss
602 silly fetch manifest @esbuild/linux-arm64@0.21.5
603 silly packumentCache full:https://registry.npmjs.org/@esbuild%2flinux-arm64 cache-miss
604 silly fetch manifest @esbuild/linux-ppc64@0.21.5
605 silly packumentCache full:https://registry.npmjs.org/@esbuild%2flinux-ppc64 cache-miss
606 silly fetch manifest @esbuild/linux-s390x@0.21.5
607 silly packumentCache full:https://registry.npmjs.org/@esbuild%2flinux-s390x cache-miss
608 silly fetch manifest @esbuild/openbsd-x64@0.21.5
609 silly packumentCache full:https://registry.npmjs.org/@esbuild%2fopenbsd-x64 cache-miss
610 silly fetch manifest @esbuild/win32-arm64@0.21.5
611 silly packumentCache full:https://registry.npmjs.org/@esbuild%2fwin32-arm64 cache-miss
612 silly fetch manifest @esbuild/darwin-arm64@0.21.5
613 silly packumentCache full:https://registry.npmjs.org/@esbuild%2fdarwin-arm64 cache-miss
614 silly fetch manifest @esbuild/android-arm64@0.21.5
615 silly packumentCache full:https://registry.npmjs.org/@esbuild%2fandroid-arm64 cache-miss
616 silly fetch manifest @esbuild/freebsd-arm64@0.21.5
617 silly packumentCache full:https://registry.npmjs.org/@esbuild%2ffreebsd-arm64 cache-miss
618 silly fetch manifest @esbuild/linux-loong64@0.21.5
619 silly packumentCache full:https://registry.npmjs.org/@esbuild%2flinux-loong64 cache-miss
620 silly fetch manifest @esbuild/linux-riscv64@0.21.5
621 silly packumentCache full:https://registry.npmjs.org/@esbuild%2flinux-riscv64 cache-miss
622 silly fetch manifest @esbuild/linux-mips64el@0.21.5
623 silly packumentCache full:https://registry.npmjs.org/@esbuild%2flinux-mips64el cache-miss
624 silly fetch manifest nanoid@^3.3.11
625 silly packumentCache full:https://registry.npmjs.org/nanoid cache-miss
626 silly fetch manifest source-map-js@^1.2.1
627 silly packumentCache full:https://registry.npmjs.org/source-map-js cache-miss
628 silly fetch manifest @types/estree@1.0.8
629 silly packumentCache full:https://registry.npmjs.org/@types%2festree cache-miss
630 silly fetch manifest @rollup/rollup-darwin-arm64@4.60.2
631 silly packumentCache full:https://registry.npmjs.org/@rollup%2frollup-darwin-arm64 cache-miss
632 http fetch GET 200 https://registry.npmjs.org/@esbuild%2faix-ppc64 200ms (cache miss)
633 silly packumentCache full:https://registry.npmjs.org/@esbuild%2faix-ppc64 set size:undefined disposed:false
634 silly fetch manifest @rollup/rollup-android-arm64@4.60.2
635 silly packumentCache full:https://registry.npmjs.org/@rollup%2frollup-android-arm64 cache-miss
636 http fetch GET 200 https://registry.npmjs.org/@esbuild%2flinux-x64 223ms (cache miss)
637 silly packumentCache full:https://registry.npmjs.org/@esbuild%2flinux-x64 set size:undefined disposed:false
638 silly fetch manifest @rollup/rollup-win32-arm64-msvc@4.60.2
639 silly packumentCache full:https://registry.npmjs.org/@rollup%2frollup-win32-arm64-msvc cache-miss
640 http fetch GET 200 https://registry.npmjs.org/@esbuild%2flinux-s390x 224ms (cache miss)
641 silly packumentCache full:https://registry.npmjs.org/@esbuild%2flinux-s390x set size:undefined disposed:false
642 silly fetch manifest @rollup/rollup-freebsd-arm64@4.60.2
643 silly packumentCache full:https://registry.npmjs.org/@rollup%2frollup-freebsd-arm64 cache-miss
644 http fetch GET 200 https://registry.npmjs.org/@esbuild%2fwin32-ia32 274ms (cache miss)
645 silly packumentCache full:https://registry.npmjs.org/@esbuild%2fwin32-ia32 set size:undefined disposed:false
646 silly fetch manifest @rollup/rollup-linux-arm64-gnu@4.60.2
647 silly packumentCache full:https://registry.npmjs.org/@rollup%2frollup-linux-arm64-gnu cache-miss
648 http fetch GET 200 https://registry.npmjs.org/@esbuild%2flinux-arm 284ms (cache miss)
649 silly packumentCache full:https://registry.npmjs.org/@esbuild%2flinux-arm set size:undefined disposed:false
650 silly fetch manifest @rollup/rollup-linux-arm64-musl@4.60.2
651 silly packumentCache full:https://registry.npmjs.org/@rollup%2frollup-linux-arm64-musl cache-miss
652 http fetch GET 200 https://registry.npmjs.org/@esbuild%2flinux-arm64 406ms (cache miss)
653 silly packumentCache full:https://registry.npmjs.org/@esbuild%2flinux-arm64 set size:undefined disposed:false
654 silly fetch manifest @rollup/rollup-android-arm-eabi@4.60.2
655 silly packumentCache full:https://registry.npmjs.org/@rollup%2frollup-android-arm-eabi cache-miss
656 http fetch GET 200 https://registry.npmjs.org/@esbuild%2ffreebsd-x64 412ms (cache miss)
657 silly packumentCache full:https://registry.npmjs.org/@esbuild%2ffreebsd-x64 set size:undefined disposed:false
658 silly fetch manifest @rollup/rollup-linux-arm-gnueabihf@4.60.2
659 silly packumentCache full:https://registry.npmjs.org/@rollup%2frollup-linux-arm-gnueabihf cache-miss
660 http fetch GET 200 https://registry.npmjs.org/@esbuild%2flinux-ppc64 414ms (cache miss)
661 silly packumentCache full:https://registry.npmjs.org/@esbuild%2flinux-ppc64 set size:undefined disposed:false
662 silly fetch manifest @rollup/rollup-linux-arm-musleabihf@4.60.2
663 silly packumentCache full:https://registry.npmjs.org/@rollup%2frollup-linux-arm-musleabihf cache-miss
664 http fetch GET 200 https://registry.npmjs.org/@esbuild%2fandroid-x64 417ms (cache miss)
665 silly packumentCache full:https://registry.npmjs.org/@esbuild%2fandroid-x64 set size:undefined disposed:false
666 silly fetch manifest @rollup/rollup-win32-ia32-msvc@4.60.2
667 silly packumentCache full:https://registry.npmjs.org/@rollup%2frollup-win32-ia32-msvc cache-miss
668 http fetch GET 200 https://registry.npmjs.org/@esbuild%2fandroid-arm 425ms (cache miss)
669 silly packumentCache full:https://registry.npmjs.org/@esbuild%2fandroid-arm set size:undefined disposed:false
670 silly fetch manifest @rollup/rollup-linux-loong64-gnu@4.60.2
671 silly packumentCache full:https://registry.npmjs.org/@rollup%2frollup-linux-loong64-gnu cache-miss
672 http fetch GET 200 https://registry.npmjs.org/@esbuild%2fdarwin-x64 444ms (cache miss)
673 silly packumentCache full:https://registry.npmjs.org/@esbuild%2fdarwin-x64 set size:undefined disposed:false
674 silly fetch manifest @rollup/rollup-linux-loong64-musl@4.60.2
675 silly packumentCache full:https://registry.npmjs.org/@rollup%2frollup-linux-loong64-musl cache-miss
676 http fetch GET 200 https://registry.npmjs.org/@esbuild%2fnetbsd-x64 445ms (cache miss)
677 silly packumentCache full:https://registry.npmjs.org/@esbuild%2fnetbsd-x64 set size:undefined disposed:false
678 silly fetch manifest @rollup/rollup-linux-riscv64-gnu@4.60.2
679 silly packumentCache full:https://registry.npmjs.org/@rollup%2frollup-linux-riscv64-gnu cache-miss
680 http fetch GET 200 https://registry.npmjs.org/@esbuild%2fsunos-x64 449ms (cache miss)
681 silly packumentCache full:https://registry.npmjs.org/@esbuild%2fsunos-x64 set size:undefined disposed:false
682 silly fetch manifest @rollup/rollup-linux-riscv64-musl@4.60.2
683 silly packumentCache full:https://registry.npmjs.org/@rollup%2frollup-linux-riscv64-musl cache-miss
684 http fetch GET 200 https://registry.npmjs.org/@esbuild%2flinux-ia32 461ms (cache miss)
685 silly packumentCache full:https://registry.npmjs.org/@esbuild%2flinux-ia32 set size:undefined disposed:false
686 silly fetch manifest @rollup/rollup-linux-ppc64-gnu@4.60.2
687 silly packumentCache full:https://registry.npmjs.org/@rollup%2frollup-linux-ppc64-gnu cache-miss
688 http fetch GET 200 https://registry.npmjs.org/@esbuild%2fwin32-x64 462ms (cache miss)
689 silly packumentCache full:https://registry.npmjs.org/@esbuild%2fwin32-x64 set size:undefined disposed:false
690 silly fetch manifest @rollup/rollup-linux-ppc64-musl@4.60.2
691 silly packumentCache full:https://registry.npmjs.org/@rollup%2frollup-linux-ppc64-musl cache-miss
692 http fetch GET 200 https://registry.npmjs.org/@esbuild%2fopenbsd-x64 482ms (cache miss)
693 silly packumentCache full:https://registry.npmjs.org/@esbuild%2fopenbsd-x64 set size:undefined disposed:false
694 silly fetch manifest @rollup/rollup-linux-s390x-gnu@4.60.2
695 silly packumentCache full:https://registry.npmjs.org/@rollup%2frollup-linux-s390x-gnu cache-miss
696 http fetch GET 200 https://registry.npmjs.org/@esbuild%2fdarwin-arm64 487ms (cache miss)
697 silly packumentCache full:https://registry.npmjs.org/@esbuild%2fdarwin-arm64 set size:undefined disposed:false
698 silly fetch manifest @rollup/rollup-darwin-x64@4.60.2
699 silly packumentCache full:https://registry.npmjs.org/@rollup%2frollup-darwin-x64 cache-miss
700 http fetch GET 200 https://registry.npmjs.org/@esbuild%2fwin32-arm64 488ms (cache miss)
701 silly packumentCache full:https://registry.npmjs.org/@esbuild%2fwin32-arm64 set size:undefined disposed:false
702 silly fetch manifest @rollup/rollup-win32-x64-gnu@4.60.2
703 silly packumentCache full:https://registry.npmjs.org/@rollup%2frollup-win32-x64-gnu cache-miss
704 http fetch GET 200 https://registry.npmjs.org/@esbuild%2fandroid-arm64 592ms (cache miss)
705 silly packumentCache full:https://registry.npmjs.org/@esbuild%2fandroid-arm64 set size:undefined disposed:false
706 silly fetch manifest @rollup/rollup-win32-x64-msvc@4.60.2
707 silly packumentCache full:https://registry.npmjs.org/@rollup%2frollup-win32-x64-msvc cache-miss
708 http fetch GET 200 https://registry.npmjs.org/@esbuild%2ffreebsd-arm64 594ms (cache miss)
709 silly packumentCache full:https://registry.npmjs.org/@esbuild%2ffreebsd-arm64 set size:undefined disposed:false
710 silly fetch manifest @rollup/rollup-freebsd-x64@4.60.2
711 silly packumentCache full:https://registry.npmjs.org/@rollup%2frollup-freebsd-x64 cache-miss
712 http fetch GET 200 https://registry.npmjs.org/source-map-js 600ms (cache miss)
713 silly packumentCache full:https://registry.npmjs.org/source-map-js set size:undefined disposed:false
714 silly fetch manifest @rollup/rollup-linux-x64-gnu@4.60.2
715 silly packumentCache full:https://registry.npmjs.org/@rollup%2frollup-linux-x64-gnu cache-miss
716 http fetch GET 200 https://registry.npmjs.org/@esbuild%2flinux-mips64el 669ms (cache miss)
717 silly packumentCache full:https://registry.npmjs.org/@esbuild%2flinux-mips64el set size:undefined disposed:false
718 silly fetch manifest @rollup/rollup-linux-x64-musl@4.60.2
719 silly packumentCache full:https://registry.npmjs.org/@rollup%2frollup-linux-x64-musl cache-miss
720 http fetch GET 200 https://registry.npmjs.org/@types%2festree 671ms (cache miss)
721 silly packumentCache full:https://registry.npmjs.org/@types%2festree set size:undefined disposed:false
722 silly fetch manifest @rollup/rollup-openbsd-x64@4.60.2
723 silly packumentCache full:https://registry.npmjs.org/@rollup%2frollup-openbsd-x64 cache-miss
724 http fetch GET 200 https://registry.npmjs.org/@rollup%2frollup-win32-arm64-msvc 451ms (cache miss)
725 silly packumentCache full:https://registry.npmjs.org/@rollup%2frollup-win32-arm64-msvc set size:undefined disposed:false
726 silly fetch manifest @rollup/rollup-openharmony-arm64@4.60.2
727 silly packumentCache full:https://registry.npmjs.org/@rollup%2frollup-openharmony-arm64 cache-miss
728 http fetch GET 200 https://registry.npmjs.org/@esbuild%2flinux-riscv64 676ms (cache miss)
729 silly packumentCache full:https://registry.npmjs.org/@esbuild%2flinux-riscv64 set size:undefined disposed:false
730 http fetch GET 200 https://registry.npmjs.org/@rollup%2frollup-linux-arm64-musl 424ms (cache miss)
731 silly packumentCache full:https://registry.npmjs.org/@rollup%2frollup-linux-arm64-musl set size:undefined disposed:false
732 http fetch GET 200 https://registry.npmjs.org/@rollup%2frollup-linux-arm64-gnu 440ms (cache miss)
733 silly packumentCache full:https://registry.npmjs.org/@rollup%2frollup-linux-arm64-gnu set size:undefined disposed:false
734 http fetch GET 200 https://registry.npmjs.org/@rollup%2frollup-android-arm-eabi 324ms (cache miss)
735 silly packumentCache full:https://registry.npmjs.org/@rollup%2frollup-android-arm-eabi set size:undefined disposed:false
736 http fetch GET 200 https://registry.npmjs.org/@rollup%2frollup-darwin-arm64 744ms (cache miss)
737 silly packumentCache full:https://registry.npmjs.org/@rollup%2frollup-darwin-arm64 set size:undefined disposed:false
738 http fetch GET 200 https://registry.npmjs.org/@rollup%2frollup-freebsd-arm64 524ms (cache miss)
739 silly packumentCache full:https://registry.npmjs.org/@rollup%2frollup-freebsd-arm64 set size:undefined disposed:false
740 http fetch GET 200 https://registry.npmjs.org/@esbuild%2flinux-loong64 770ms (cache miss)
741 silly packumentCache full:https://registry.npmjs.org/@esbuild%2flinux-loong64 set size:undefined disposed:false
742 http fetch GET 200 https://registry.npmjs.org/nanoid 771ms (cache miss)
743 silly packumentCache full:https://registry.npmjs.org/nanoid set size:undefined disposed:false
744 http fetch GET 200 https://registry.npmjs.org/@rollup%2frollup-linux-arm-musleabihf 378ms (cache miss)
745 silly packumentCache full:https://registry.npmjs.org/@rollup%2frollup-linux-arm-musleabihf set size:undefined disposed:false
746 http fetch GET 200 https://registry.npmjs.org/@rollup%2frollup-linux-loong64-gnu 387ms (cache miss)
747 silly packumentCache full:https://registry.npmjs.org/@rollup%2frollup-linux-loong64-gnu set size:undefined disposed:false
748 http fetch GET 200 https://registry.npmjs.org/@rollup%2frollup-win32-ia32-msvc 402ms (cache miss)
749 silly packumentCache full:https://registry.npmjs.org/@rollup%2frollup-win32-ia32-msvc set size:undefined disposed:false
750 http fetch GET 200 https://registry.npmjs.org/@rollup%2frollup-linux-ppc64-gnu 370ms (cache miss)
751 silly packumentCache full:https://registry.npmjs.org/@rollup%2frollup-linux-ppc64-gnu set size:undefined disposed:false
752 http fetch GET 200 https://registry.npmjs.org/@rollup%2frollup-linux-riscv64-gnu 386ms (cache miss)
753 silly packumentCache full:https://registry.npmjs.org/@rollup%2frollup-linux-riscv64-gnu set size:undefined disposed:false
754 http fetch GET 200 https://registry.npmjs.org/@rollup%2frollup-linux-ppc64-musl 374ms (cache miss)
755 silly packumentCache full:https://registry.npmjs.org/@rollup%2frollup-linux-ppc64-musl set size:undefined disposed:false
756 http fetch GET 200 https://registry.npmjs.org/@rollup%2frollup-linux-s390x-gnu 374ms (cache miss)
757 silly packumentCache full:https://registry.npmjs.org/@rollup%2frollup-linux-s390x-gnu set size:undefined disposed:false
758 http fetch GET 200 https://registry.npmjs.org/@rollup%2frollup-linux-x64-gnu 355ms (cache miss)
759 silly packumentCache full:https://registry.npmjs.org/@rollup%2frollup-linux-x64-gnu set size:undefined disposed:false
760 http fetch GET 200 https://registry.npmjs.org/@rollup%2frollup-freebsd-x64 363ms (cache miss)
761 silly packumentCache full:https://registry.npmjs.org/@rollup%2frollup-freebsd-x64 set size:undefined disposed:false
762 http fetch GET 200 https://registry.npmjs.org/@rollup%2frollup-openbsd-x64 287ms (cache miss)
763 silly packumentCache full:https://registry.npmjs.org/@rollup%2frollup-openbsd-x64 set size:undefined disposed:false
764 http fetch GET 200 https://registry.npmjs.org/@rollup%2frollup-android-arm64 762ms (cache miss)
765 silly packumentCache full:https://registry.npmjs.org/@rollup%2frollup-android-arm64 set size:undefined disposed:false
766 http fetch GET 200 https://registry.npmjs.org/@rollup%2frollup-linux-loong64-musl 518ms (cache miss)
767 silly packumentCache full:https://registry.npmjs.org/@rollup%2frollup-linux-loong64-musl set size:undefined disposed:false
768 http fetch GET 200 https://registry.npmjs.org/@rollup%2frollup-linux-x64-musl 293ms (cache miss)
769 silly packumentCache full:https://registry.npmjs.org/@rollup%2frollup-linux-x64-musl set size:undefined disposed:false
770 http fetch GET 200 https://registry.npmjs.org/@rollup%2frollup-linux-arm-gnueabihf 586ms (cache miss)
771 silly packumentCache full:https://registry.npmjs.org/@rollup%2frollup-linux-arm-gnueabihf set size:undefined disposed:false
772 http fetch GET 200 https://registry.npmjs.org/@rollup%2frollup-linux-riscv64-musl 631ms (cache miss)
773 silly packumentCache full:https://registry.npmjs.org/@rollup%2frollup-linux-riscv64-musl set size:undefined disposed:false
774 http fetch GET 200 https://registry.npmjs.org/@rollup%2frollup-win32-x64-msvc 539ms (cache miss)
775 silly packumentCache full:https://registry.npmjs.org/@rollup%2frollup-win32-x64-msvc set size:undefined disposed:false
776 http fetch GET 200 https://registry.npmjs.org/@rollup%2frollup-win32-x64-gnu 701ms (cache miss)
777 silly packumentCache full:https://registry.npmjs.org/@rollup%2frollup-win32-x64-gnu set size:undefined disposed:false
778 http fetch GET 200 https://registry.npmjs.org/@rollup%2frollup-darwin-x64 712ms (cache miss)
779 silly packumentCache full:https://registry.npmjs.org/@rollup%2frollup-darwin-x64 set size:undefined disposed:false
780 http fetch GET 200 https://registry.npmjs.org/@rollup%2frollup-openharmony-arm64 527ms (cache miss)
781 silly packumentCache full:https://registry.npmjs.org/@rollup%2frollup-openharmony-arm64 set size:undefined disposed:false
782 silly placeDep ROOT @esbuild/aix-ppc64@0.21.5 OK for: esbuild@0.21.5 want: 0.21.5
783 silly placeDep ROOT @esbuild/android-arm@0.21.5 OK for: esbuild@0.21.5 want: 0.21.5
784 silly placeDep ROOT @esbuild/android-arm64@0.21.5 OK for: esbuild@0.21.5 want: 0.21.5
785 silly placeDep ROOT @esbuild/android-x64@0.21.5 OK for: esbuild@0.21.5 want: 0.21.5
786 silly placeDep ROOT @esbuild/darwin-arm64@0.21.5 OK for: esbuild@0.21.5 want: 0.21.5
787 silly placeDep ROOT @esbuild/darwin-x64@0.21.5 OK for: esbuild@0.21.5 want: 0.21.5
788 silly placeDep ROOT @esbuild/freebsd-arm64@0.21.5 OK for: esbuild@0.21.5 want: 0.21.5
789 silly placeDep ROOT @esbuild/freebsd-x64@0.21.5 OK for: esbuild@0.21.5 want: 0.21.5
790 silly placeDep ROOT @esbuild/linux-arm@0.21.5 OK for: esbuild@0.21.5 want: 0.21.5
791 silly placeDep ROOT @esbuild/linux-arm64@0.21.5 OK for: esbuild@0.21.5 want: 0.21.5
792 silly placeDep ROOT @esbuild/linux-ia32@0.21.5 OK for: esbuild@0.21.5 want: 0.21.5
793 silly placeDep ROOT @esbuild/linux-loong64@0.21.5 OK for: esbuild@0.21.5 want: 0.21.5
794 silly placeDep ROOT @esbuild/linux-mips64el@0.21.5 OK for: esbuild@0.21.5 want: 0.21.5
795 silly placeDep ROOT @esbuild/linux-ppc64@0.21.5 OK for: esbuild@0.21.5 want: 0.21.5
796 silly placeDep ROOT @esbuild/linux-riscv64@0.21.5 OK for: esbuild@0.21.5 want: 0.21.5
797 silly placeDep ROOT @esbuild/linux-s390x@0.21.5 OK for: esbuild@0.21.5 want: 0.21.5
798 silly placeDep ROOT @esbuild/linux-x64@0.21.5 OK for: esbuild@0.21.5 want: 0.21.5
799 silly placeDep ROOT @esbuild/netbsd-x64@0.21.5 OK for: esbuild@0.21.5 want: 0.21.5
800 silly placeDep ROOT @esbuild/openbsd-x64@0.21.5 OK for: esbuild@0.21.5 want: 0.21.5
801 silly placeDep ROOT @esbuild/sunos-x64@0.21.5 OK for: esbuild@0.21.5 want: 0.21.5
802 silly placeDep ROOT @esbuild/win32-arm64@0.21.5 OK for: esbuild@0.21.5 want: 0.21.5
803 silly placeDep ROOT @esbuild/win32-ia32@0.21.5 OK for: esbuild@0.21.5 want: 0.21.5
804 silly placeDep ROOT @esbuild/win32-x64@0.21.5 OK for: esbuild@0.21.5 want: 0.21.5
805 silly placeDep ROOT nanoid@3.3.11 OK for: postcss@8.5.10 want: ^3.3.11
806 silly placeDep ROOT source-map-js@1.2.1 OK for: postcss@8.5.10 want: ^1.2.1
807 silly placeDep ROOT @rollup/rollup-android-arm-eabi@4.60.2 OK for: rollup@4.60.2 want: 4.60.2
808 silly placeDep ROOT @rollup/rollup-android-arm64@4.60.2 OK for: rollup@4.60.2 want: 4.60.2
809 silly placeDep ROOT @rollup/rollup-darwin-arm64@4.60.2 OK for: rollup@4.60.2 want: 4.60.2
810 silly placeDep ROOT @rollup/rollup-darwin-x64@4.60.2 OK for: rollup@4.60.2 want: 4.60.2
811 silly placeDep ROOT @rollup/rollup-freebsd-arm64@4.60.2 OK for: rollup@4.60.2 want: 4.60.2
812 silly placeDep ROOT @rollup/rollup-freebsd-x64@4.60.2 OK for: rollup@4.60.2 want: 4.60.2
813 silly placeDep ROOT @rollup/rollup-linux-arm-gnueabihf@4.60.2 OK for: rollup@4.60.2 want: 4.60.2
814 silly placeDep ROOT @rollup/rollup-linux-arm-musleabihf@4.60.2 OK for: rollup@4.60.2 want: 4.60.2
815 silly placeDep ROOT @rollup/rollup-linux-arm64-gnu@4.60.2 OK for: rollup@4.60.2 want: 4.60.2
816 silly placeDep ROOT @rollup/rollup-linux-arm64-musl@4.60.2 OK for: rollup@4.60.2 want: 4.60.2
817 silly placeDep ROOT @rollup/rollup-linux-loong64-gnu@4.60.2 OK for: rollup@4.60.2 want: 4.60.2
818 silly placeDep ROOT @rollup/rollup-linux-loong64-musl@4.60.2 OK for: rollup@4.60.2 want: 4.60.2
819 silly placeDep ROOT @rollup/rollup-linux-ppc64-gnu@4.60.2 OK for: rollup@4.60.2 want: 4.60.2
820 silly placeDep ROOT @rollup/rollup-linux-ppc64-musl@4.60.2 OK for: rollup@4.60.2 want: 4.60.2
821 silly placeDep ROOT @rollup/rollup-linux-riscv64-gnu@4.60.2 OK for: rollup@4.60.2 want: 4.60.2
822 silly placeDep ROOT @rollup/rollup-linux-riscv64-musl@4.60.2 OK for: rollup@4.60.2 want: 4.60.2
823 silly placeDep ROOT @rollup/rollup-linux-s390x-gnu@4.60.2 OK for: rollup@4.60.2 want: 4.60.2
824 silly placeDep ROOT @rollup/rollup-linux-x64-gnu@4.60.2 OK for: rollup@4.60.2 want: 4.60.2
825 silly placeDep ROOT @rollup/rollup-linux-x64-musl@4.60.2 OK for: rollup@4.60.2 want: 4.60.2
826 silly placeDep ROOT @rollup/rollup-openbsd-x64@4.60.2 OK for: rollup@4.60.2 want: 4.60.2
827 silly placeDep ROOT @rollup/rollup-openharmony-arm64@4.60.2 OK for: rollup@4.60.2 want: 4.60.2
828 silly placeDep ROOT @rollup/rollup-win32-arm64-msvc@4.60.2 OK for: rollup@4.60.2 want: 4.60.2
829 silly placeDep ROOT @rollup/rollup-win32-ia32-msvc@4.60.2 OK for: rollup@4.60.2 want: 4.60.2
830 silly placeDep ROOT @rollup/rollup-win32-x64-gnu@4.60.2 OK for: rollup@4.60.2 want: 4.60.2
831 silly placeDep ROOT @rollup/rollup-win32-x64-msvc@4.60.2 OK for: rollup@4.60.2 want: 4.60.2
832 silly placeDep ROOT @types/estree@1.0.8 OK for: rollup@4.60.2 want: 1.0.8
833 silly reify moves {}
834 silly audit bulk request {
834 silly audit   '@vitejs/plugin-react': [ '4.7.0' ],
834 silly audit   vite: [ '5.4.21' ],
834 silly audit   axios: [ '1.15.1' ],
834 silly audit   react: [ '18.3.1' ],
834 silly audit   'react-dom': [ '18.3.1' ],
834 silly audit   'react-router-dom': [ '6.30.3' ],
834 silly audit   'socket.io-client': [ '4.8.3' ],
834 silly audit   '@babel/core': [ '7.29.0' ],
834 silly audit   '@babel/plugin-transform-react-jsx-self': [ '7.27.1' ],
834 silly audit   '@babel/plugin-transform-react-jsx-source': [ '7.27.1' ],
834 silly audit   '@rolldown/pluginutils': [ '1.0.0-beta.27' ],
834 silly audit   '@types/babel__core': [ '7.20.5' ],
834 silly audit   'react-refresh': [ '0.17.0' ],
834 silly audit   '@babel/code-frame': [ '7.29.0' ],
834 silly audit   '@babel/generator': [ '7.29.1' ],
834 silly audit   '@babel/helper-compilation-targets': [ '7.28.6' ],
834 silly audit   '@babel/helper-module-transforms': [ '7.28.6' ],
834 silly audit   '@babel/helpers': [ '7.29.2' ],
834 silly audit   '@babel/parser': [ '7.29.2' ],
834 silly audit   '@babel/template': [ '7.28.6' ],
834 silly audit   '@babel/traverse': [ '7.29.0' ],
834 silly audit   '@babel/types': [ '7.29.0' ],
834 silly audit   '@jridgewell/remapping': [ '2.3.5' ],
834 silly audit   'convert-source-map': [ '2.0.0' ],
834 silly audit   debug: [ '4.4.3' ],
834 silly audit   gensync: [ '1.0.0-beta.2' ],
834 silly audit   json5: [ '2.2.3' ],
834 silly audit   semver: [ '6.3.1' ],
834 silly audit   '@babel/helper-validator-identifier': [ '7.28.5' ],
834 silly audit   'js-tokens': [ '4.0.0' ],
834 silly audit   picocolors: [ '1.1.1' ],
834 silly audit   '@jridgewell/gen-mapping': [ '0.3.13' ],
834 silly audit   '@jridgewell/trace-mapping': [ '0.3.31' ],
834 silly audit   jsesc: [ '3.1.0' ],
834 silly audit   '@babel/compat-data': [ '7.29.0' ],
834 silly audit   '@babel/helper-validator-option': [ '7.27.1' ],
834 silly audit   browserslist: [ '4.28.2' ],
834 silly audit   'lru-cache': [ '5.1.1' ],
834 silly audit   '@babel/helper-module-imports': [ '7.28.6' ],
834 silly audit   '@babel/helper-plugin-utils': [ '7.28.6' ],
834 silly audit   '@babel/helper-globals': [ '7.28.0' ],
834 silly audit   '@babel/helper-string-parser': [ '7.27.1' ],
834 silly audit   '@jridgewell/sourcemap-codec': [ '1.5.5' ],
834 silly audit   '@jridgewell/resolve-uri': [ '3.1.2' ],
834 silly audit   '@types/babel__generator': [ '7.27.0' ],
834 silly audit   '@types/babel__template': [ '7.4.4' ],
834 silly audit   '@types/babel__traverse': [ '7.28.0' ],
834 silly audit   'follow-redirects': [ '1.16.0' ],
834 silly audit   'form-data': [ '4.0.5' ],
834 silly audit   'proxy-from-env': [ '2.1.0' ],
834 silly audit   'baseline-browser-mapping': [ '2.10.20' ],
834 silly audit   'caniuse-lite': [ '1.0.30001788' ],
834 silly audit   'electron-to-chromium': [ '1.5.340' ],
834 silly audit   'node-releases': [ '2.0.37' ],
834 silly audit   'update-browserslist-db': [ '1.2.3' ],
834 silly audit   ms: [ '2.1.3' ],
834 silly audit   asynckit: [ '0.4.0' ],
834 silly audit   'combined-stream': [ '1.0.8' ],
834 silly audit   'es-set-tostringtag': [ '2.1.0' ],
834 silly audit   hasown: [ '2.0.3' ],
834 silly audit   'mime-types': [ '2.1.35' ],
834 silly audit   'delayed-stream': [ '1.0.0' ],
834 silly audit   'es-errors': [ '1.3.0' ],
834 silly audit   'get-intrinsic': [ '1.3.0' ],
834 silly audit   'has-tostringtag': [ '1.0.2' ],
834 silly audit   'call-bind-apply-helpers': [ '1.0.2' ],
834 silly audit   'es-define-property': [ '1.0.1' ],
834 silly audit   'es-object-atoms': [ '1.1.1' ],
834 silly audit   'function-bind': [ '1.1.2' ],
834 silly audit   'get-proto': [ '1.0.1' ],
834 silly audit   gopd: [ '1.2.0' ],
834 silly audit   'has-symbols': [ '1.1.0' ],
834 silly audit   'math-intrinsics': [ '1.1.0' ],
834 silly audit   'dunder-proto': [ '1.0.1' ],
834 silly audit   yallist: [ '3.1.1' ],
834 silly audit   'mime-db': [ '1.52.0' ],
834 silly audit   'loose-envify': [ '1.4.0' ],
834 silly audit   scheduler: [ '0.23.2' ],
834 silly audit   '@remix-run/router': [ '1.23.2' ],
834 silly audit   'react-router': [ '6.30.3' ],
834 silly audit   '@socket.io/component-emitter': [ '3.1.2' ],
834 silly audit   'engine.io-client': [ '6.6.4' ],
834 silly audit   'socket.io-parser': [ '4.2.6' ],
834 silly audit   'engine.io-parser': [ '5.2.3' ],
834 silly audit   ws: [ '8.18.3' ],
834 silly audit   'xmlhttprequest-ssl': [ '2.1.2' ],
834 silly audit   escalade: [ '3.2.0' ],
834 silly audit   esbuild: [ '0.21.5' ],
834 silly audit   fsevents: [ '2.3.3' ],
834 silly audit   postcss: [ '8.5.10' ],
834 silly audit   rollup: [ '4.60.2' ],
834 silly audit   '@esbuild/aix-ppc64': [ '0.21.5' ],
834 silly audit   '@esbuild/android-arm': [ '0.21.5' ],
834 silly audit   '@esbuild/android-arm64': [ '0.21.5' ],
834 silly audit   '@esbuild/android-x64': [ '0.21.5' ],
834 silly audit   '@esbuild/darwin-arm64': [ '0.21.5' ],
834 silly audit   '@esbuild/darwin-x64': [ '0.21.5' ],
834 silly audit   '@esbuild/freebsd-arm64': [ '0.21.5' ],
834 silly audit   '@esbuild/freebsd-x64': [ '0.21.5' ],
834 silly audit   '@esbuild/linux-arm': [ '0.21.5' ],
834 silly audit   '@esbuild/linux-arm64': [ '0.21.5' ],
834 silly audit   '@esbuild/linux-ia32': [ '0.21.5' ],
834 silly audit   '@esbuild/linux-loong64': [ '0.21.5' ],
834 silly audit   '@esbuild/linux-mips64el': [ '0.21.5' ],
834 silly audit   '@esbuild/linux-ppc64': [ '0.21.5' ],
834 silly audit   '@esbuild/linux-riscv64': [ '0.21.5' ],
834 silly audit   '@esbuild/linux-s390x': [ '0.21.5' ],
834 silly audit   '@esbuild/linux-x64': [ '0.21.5' ],
834 silly audit   '@esbuild/netbsd-x64': [ '0.21.5' ],
834 silly audit   '@esbuild/openbsd-x64': [ '0.21.5' ],
834 silly audit   '@esbuild/sunos-x64': [ '0.21.5' ],
834 silly audit   '@esbuild/win32-arm64': [ '0.21.5' ],
834 silly audit   '@esbuild/win32-ia32': [ '0.21.5' ],
834 silly audit   '@esbuild/win32-x64': [ '0.21.5' ],
834 silly audit   nanoid: [ '3.3.11' ],
834 silly audit   'source-map-js': [ '1.2.1' ],
834 silly audit   '@rollup/rollup-android-arm-eabi': [ '4.60.2' ],
834 silly audit   '@rollup/rollup-android-arm64': [ '4.60.2' ],
834 silly audit   '@rollup/rollup-darwin-arm64': [ '4.60.2' ],
834 silly audit   '@rollup/rollup-darwin-x64': [ '4.60.2' ],
834 silly audit   '@rollup/rollup-freebsd-arm64': [ '4.60.2' ],
834 silly audit   '@rollup/rollup-freebsd-x64': [ '4.60.2' ],
834 silly audit   '@rollup/rollup-linux-arm-gnueabihf': [ '4.60.2' ],
834 silly audit   '@rollup/rollup-linux-arm-musleabihf': [ '4.60.2' ],
834 silly audit   '@rollup/rollup-linux-arm64-gnu': [ '4.60.2' ],
834 silly audit   '@rollup/rollup-linux-arm64-musl': [ '4.60.2' ],
834 silly audit   '@rollup/rollup-linux-loong64-gnu': [ '4.60.2' ],
834 silly audit   '@rollup/rollup-linux-loong64-musl': [ '4.60.2' ],
834 silly audit   '@rollup/rollup-linux-ppc64-gnu': [ '4.60.2' ],
834 silly audit   '@rollup/rollup-linux-ppc64-musl': [ '4.60.2' ],
834 silly audit   '@rollup/rollup-linux-riscv64-gnu': [ '4.60.2' ],
834 silly audit   '@rollup/rollup-linux-riscv64-musl': [ '4.60.2' ],
834 silly audit   '@rollup/rollup-linux-s390x-gnu': [ '4.60.2' ],
834 silly audit   '@rollup/rollup-linux-x64-gnu': [ '4.60.2' ],
834 silly audit   '@rollup/rollup-linux-x64-musl': [ '4.60.2' ],
834 silly audit   '@rollup/rollup-openbsd-x64': [ '4.60.2' ],
834 silly audit   '@rollup/rollup-openharmony-arm64': [ '4.60.2' ],
834 silly audit   '@rollup/rollup-win32-arm64-msvc': [ '4.60.2' ],
834 silly audit   '@rollup/rollup-win32-ia32-msvc': [ '4.60.2' ],
834 silly audit   '@rollup/rollup-win32-x64-gnu': [ '4.60.2' ],
834 silly audit   '@rollup/rollup-win32-x64-msvc': [ '4.60.2' ],
834 silly audit   '@types/estree': [ '1.0.8' ]
834 silly audit }
835 http cache @types/estree@https://registry.npmjs.org/@types/estree/-/estree-1.0.8.tgz 0ms (cache hit)
836 http cache @rollup/rollup-win32-x64-msvc@https://registry.npmjs.org/@rollup/rollup-win32-x64-msvc/-/rollup-win32-x64-msvc-4.60.2.tgz 0ms (cache hit)
837 http cache @rollup/rollup-win32-x64-gnu@https://registry.npmjs.org/@rollup/rollup-win32-x64-gnu/-/rollup-win32-x64-gnu-4.60.2.tgz 0ms (cache hit)
838 http cache @esbuild/win32-x64@https://registry.npmjs.org/@esbuild/win32-x64/-/win32-x64-0.21.5.tgz 0ms (cache hit)
839 http cache rollup@https://registry.npmjs.org/rollup/-/rollup-4.60.2.tgz 0ms (cache hit)
840 http cache postcss@https://registry.npmjs.org/postcss/-/postcss-8.5.10.tgz 0ms (cache hit)
841 http cache nanoid@https://registry.npmjs.org/nanoid/-/nanoid-3.3.11.tgz 0ms (cache hit)
842 http cache source-map-js@https://registry.npmjs.org/source-map-js/-/source-map-js-1.2.1.tgz 0ms (cache hit)
843 http cache escalade@https://registry.npmjs.org/escalade/-/escalade-3.2.0.tgz 0ms (cache hit)
844 http cache xmlhttprequest-ssl@https://registry.npmjs.org/xmlhttprequest-ssl/-/xmlhttprequest-ssl-2.1.2.tgz 0ms (cache hit)
845 http cache ws@https://registry.npmjs.org/ws/-/ws-8.18.3.tgz 0ms (cache hit)
846 http cache esbuild@https://registry.npmjs.org/esbuild/-/esbuild-0.21.5.tgz 0ms (cache hit)
847 http cache engine.io-parser@https://registry.npmjs.org/engine.io-parser/-/engine.io-parser-5.2.3.tgz 0ms (cache hit)
848 http cache @remix-run/router@https://registry.npmjs.org/@remix-run/router/-/router-1.23.2.tgz 0ms (cache hit)
849 http cache socket.io-parser@https://registry.npmjs.org/socket.io-parser/-/socket.io-parser-4.2.6.tgz 0ms (cache hit)
850 http cache @socket.io/component-emitter@https://registry.npmjs.org/@socket.io/component-emitter/-/component-emitter-3.1.2.tgz 0ms (cache hit)
851 http cache engine.io-client@https://registry.npmjs.org/engine.io-client/-/engine.io-client-6.6.4.tgz 0ms (cache hit)
852 http cache mime-db@https://registry.npmjs.org/mime-db/-/mime-db-1.52.0.tgz 0ms (cache hit)
853 http cache react-router@https://registry.npmjs.org/react-router/-/react-router-6.30.3.tgz 0ms (cache hit)
854 http cache yallist@https://registry.npmjs.org/yallist/-/yallist-3.1.1.tgz 0ms (cache hit)
855 http cache loose-envify@https://registry.npmjs.org/loose-envify/-/loose-envify-1.4.0.tgz 0ms (cache hit)
856 http cache scheduler@https://registry.npmjs.org/scheduler/-/scheduler-0.23.2.tgz 0ms (cache hit)
857 http cache math-intrinsics@https://registry.npmjs.org/math-intrinsics/-/math-intrinsics-1.1.0.tgz 0ms (cache hit)
858 http cache has-symbols@https://registry.npmjs.org/has-symbols/-/has-symbols-1.1.0.tgz 0ms (cache hit)
859 http cache get-proto@https://registry.npmjs.org/get-proto/-/get-proto-1.0.1.tgz 0ms (cache hit)
860 http cache dunder-proto@https://registry.npmjs.org/dunder-proto/-/dunder-proto-1.0.1.tgz 0ms (cache hit)
861 http cache gopd@https://registry.npmjs.org/gopd/-/gopd-1.2.0.tgz 0ms (cache hit)
862 http cache function-bind@https://registry.npmjs.org/function-bind/-/function-bind-1.1.2.tgz 0ms (cache hit)
863 http cache es-object-atoms@https://registry.npmjs.org/es-object-atoms/-/es-object-atoms-1.1.1.tgz 0ms (cache hit)
864 http cache has-tostringtag@https://registry.npmjs.org/has-tostringtag/-/has-tostringtag-1.0.2.tgz 0ms (cache hit)
865 http cache call-bind-apply-helpers@https://registry.npmjs.org/call-bind-apply-helpers/-/call-bind-apply-helpers-1.0.2.tgz 0ms (cache hit)
866 http cache es-errors@https://registry.npmjs.org/es-errors/-/es-errors-1.3.0.tgz 0ms (cache hit)
867 http cache delayed-stream@https://registry.npmjs.org/delayed-stream/-/delayed-stream-1.0.0.tgz 0ms (cache hit)
868 http cache get-intrinsic@https://registry.npmjs.org/get-intrinsic/-/get-intrinsic-1.3.0.tgz 0ms (cache hit)
869 http cache es-define-property@https://registry.npmjs.org/es-define-property/-/es-define-property-1.0.1.tgz 0ms (cache hit)
870 http cache es-set-tostringtag@https://registry.npmjs.org/es-set-tostringtag/-/es-set-tostringtag-2.1.0.tgz 0ms (cache hit)
871 http cache hasown@https://registry.npmjs.org/hasown/-/hasown-2.0.3.tgz 0ms (cache hit)
872 http cache combined-stream@https://registry.npmjs.org/combined-stream/-/combined-stream-1.0.8.tgz 0ms (cache hit)
873 http cache asynckit@https://registry.npmjs.org/asynckit/-/asynckit-0.4.0.tgz 0ms (cache hit)
874 http cache mime-types@https://registry.npmjs.org/mime-types/-/mime-types-2.1.35.tgz 0ms (cache hit)
875 http cache ms@https://registry.npmjs.org/ms/-/ms-2.1.3.tgz 0ms (cache hit)
876 http cache node-releases@https://registry.npmjs.org/node-releases/-/node-releases-2.0.37.tgz 0ms (cache hit)
877 http cache update-browserslist-db@https://registry.npmjs.org/update-browserslist-db/-/update-browserslist-db-1.2.3.tgz 0ms (cache hit)
878 http cache electron-to-chromium@https://registry.npmjs.org/electron-to-chromium/-/electron-to-chromium-1.5.340.tgz 0ms (cache hit)
879 http cache caniuse-lite@https://registry.npmjs.org/caniuse-lite/-/caniuse-lite-1.0.30001788.tgz 0ms (cache hit)
880 http cache baseline-browser-mapping@https://registry.npmjs.org/baseline-browser-mapping/-/baseline-browser-mapping-2.10.20.tgz 0ms (cache hit)
881 http cache proxy-from-env@https://registry.npmjs.org/proxy-from-env/-/proxy-from-env-2.1.0.tgz 0ms (cache hit)
882 http cache form-data@https://registry.npmjs.org/form-data/-/form-data-4.0.5.tgz 0ms (cache hit)
883 http cache @types/babel__traverse@https://registry.npmjs.org/@types/babel__traverse/-/babel__traverse-7.28.0.tgz 0ms (cache hit)
884 http cache @jridgewell/resolve-uri@https://registry.npmjs.org/@jridgewell/resolve-uri/-/resolve-uri-3.1.2.tgz 0ms (cache hit)
885 http cache @types/babel__template@https://registry.npmjs.org/@types/babel__template/-/babel__template-7.4.4.tgz 0ms (cache hit)
886 http cache @jridgewell/sourcemap-codec@https://registry.npmjs.org/@jridgewell/sourcemap-codec/-/sourcemap-codec-1.5.5.tgz 0ms (cache hit)
887 http cache @types/babel__generator@https://registry.npmjs.org/@types/babel__generator/-/babel__generator-7.27.0.tgz 0ms (cache hit)
888 http cache follow-redirects@https://registry.npmjs.org/follow-redirects/-/follow-redirects-1.16.0.tgz 0ms (cache hit)
889 http cache @babel/helper-string-parser@https://registry.npmjs.org/@babel/helper-string-parser/-/helper-string-parser-7.27.1.tgz 0ms (cache hit)
890 http cache lru-cache@https://registry.npmjs.org/lru-cache/-/lru-cache-5.1.1.tgz 0ms (cache hit)
891 http cache browserslist@https://registry.npmjs.org/browserslist/-/browserslist-4.28.2.tgz 0ms (cache hit)
892 http cache @babel/helper-plugin-utils@https://registry.npmjs.org/@babel/helper-plugin-utils/-/helper-plugin-utils-7.28.6.tgz 0ms (cache hit)
893 http cache jsesc@https://registry.npmjs.org/jsesc/-/jsesc-3.1.0.tgz 0ms (cache hit)
894 http cache @babel/helper-validator-option@https://registry.npmjs.org/@babel/helper-validator-option/-/helper-validator-option-7.27.1.tgz 0ms (cache hit)
895 http cache @jridgewell/trace-mapping@https://registry.npmjs.org/@jridgewell/trace-mapping/-/trace-mapping-0.3.31.tgz 0ms (cache hit)
896 http cache picocolors@https://registry.npmjs.org/picocolors/-/picocolors-1.1.1.tgz 0ms (cache hit)
897 http cache @jridgewell/gen-mapping@https://registry.npmjs.org/@jridgewell/gen-mapping/-/gen-mapping-0.3.13.tgz 0ms (cache hit)
898 http cache @babel/helper-module-imports@https://registry.npmjs.org/@babel/helper-module-imports/-/helper-module-imports-7.28.6.tgz 0ms (cache hit)
899 http cache @babel/helper-validator-identifier@https://registry.npmjs.org/@babel/helper-validator-identifier/-/helper-validator-identifier-7.28.5.tgz 0ms (cache hit)
900 http cache js-tokens@https://registry.npmjs.org/js-tokens/-/js-tokens-4.0.0.tgz 0ms (cache hit)
901 http cache semver@https://registry.npmjs.org/semver/-/semver-6.3.1.tgz 0ms (cache hit)
902 http cache @babel/helper-globals@https://registry.npmjs.org/@babel/helper-globals/-/helper-globals-7.28.0.tgz 0ms (cache hit)
903 http cache json5@https://registry.npmjs.org/json5/-/json5-2.2.3.tgz 0ms (cache hit)
904 http cache @babel/compat-data@https://registry.npmjs.org/@babel/compat-data/-/compat-data-7.29.0.tgz 0ms (cache hit)
905 http cache gensync@https://registry.npmjs.org/gensync/-/gensync-1.0.0-beta.2.tgz 0ms (cache hit)
906 http cache debug@https://registry.npmjs.org/debug/-/debug-4.4.3.tgz 0ms (cache hit)
907 http cache @jridgewell/remapping@https://registry.npmjs.org/@jridgewell/remapping/-/remapping-2.3.5.tgz 0ms (cache hit)
908 http cache convert-source-map@https://registry.npmjs.org/convert-source-map/-/convert-source-map-2.0.0.tgz 0ms (cache hit)
909 http cache @babel/types@https://registry.npmjs.org/@babel/types/-/types-7.29.0.tgz 0ms (cache hit)
910 http cache @babel/template@https://registry.npmjs.org/@babel/template/-/template-7.28.6.tgz 0ms (cache hit)
911 http cache @babel/traverse@https://registry.npmjs.org/@babel/traverse/-/traverse-7.29.0.tgz 0ms (cache hit)
912 http cache @babel/parser@https://registry.npmjs.org/@babel/parser/-/parser-7.29.2.tgz 0ms (cache hit)
913 http cache @babel/helper-compilation-targets@https://registry.npmjs.org/@babel/helper-compilation-targets/-/helper-compilation-targets-7.28.6.tgz 0ms (cache hit)
914 http cache @babel/helper-module-transforms@https://registry.npmjs.org/@babel/helper-module-transforms/-/helper-module-transforms-7.28.6.tgz 0ms (cache hit)
915 http cache @babel/helpers@https://registry.npmjs.org/@babel/helpers/-/helpers-7.29.2.tgz 0ms (cache hit)
916 http cache react-refresh@https://registry.npmjs.org/react-refresh/-/react-refresh-0.17.0.tgz 0ms (cache hit)
917 http cache @babel/generator@https://registry.npmjs.org/@babel/generator/-/generator-7.29.1.tgz 0ms (cache hit)
918 http cache @babel/code-frame@https://registry.npmjs.org/@babel/code-frame/-/code-frame-7.29.0.tgz 0ms (cache hit)
919 http cache @types/babel__core@https://registry.npmjs.org/@types/babel__core/-/babel__core-7.20.5.tgz 0ms (cache hit)
920 http cache @rolldown/pluginutils@https://registry.npmjs.org/@rolldown/pluginutils/-/pluginutils-1.0.0-beta.27.tgz 0ms (cache hit)
921 http cache socket.io-client@https://registry.npmjs.org/socket.io-client/-/socket.io-client-4.8.3.tgz 0ms (cache hit)
922 http cache react-router-dom@https://registry.npmjs.org/react-router-dom/-/react-router-dom-6.30.3.tgz 0ms (cache hit)
923 http cache react-dom@https://registry.npmjs.org/react-dom/-/react-dom-18.3.1.tgz 0ms (cache hit)
924 http cache react@https://registry.npmjs.org/react/-/react-18.3.1.tgz 0ms (cache hit)
925 http cache @babel/core@https://registry.npmjs.org/@babel/core/-/core-7.29.0.tgz 0ms (cache hit)
926 http cache @babel/plugin-transform-react-jsx-self@https://registry.npmjs.org/@babel/plugin-transform-react-jsx-self/-/plugin-transform-react-jsx-self-7.27.1.tgz 0ms (cache hit)
927 http cache @babel/plugin-transform-react-jsx-source@https://registry.npmjs.org/@babel/plugin-transform-react-jsx-source/-/plugin-transform-react-jsx-source-7.27.1.tgz 0ms (cache hit)
928 silly tarball no local data for @types/estree@https://registry.npmjs.org/@types/estree/-/estree-1.0.8.tgz. Extracting by manifest.
929 silly tarball no local data for @rollup/rollup-win32-x64-msvc@https://registry.npmjs.org/@rollup/rollup-win32-x64-msvc/-/rollup-win32-x64-msvc-4.60.2.tgz. Extracting by manifest.
930 silly tarball no local data for @rollup/rollup-win32-x64-gnu@https://registry.npmjs.org/@rollup/rollup-win32-x64-gnu/-/rollup-win32-x64-gnu-4.60.2.tgz. Extracting by manifest.
931 silly tarball no local data for @esbuild/win32-x64@https://registry.npmjs.org/@esbuild/win32-x64/-/win32-x64-0.21.5.tgz. Extracting by manifest.
932 silly tarball no local data for rollup@https://registry.npmjs.org/rollup/-/rollup-4.60.2.tgz. Extracting by manifest.
933 silly tarball no local data for postcss@https://registry.npmjs.org/postcss/-/postcss-8.5.10.tgz. Extracting by manifest.
934 silly tarball no local data for nanoid@https://registry.npmjs.org/nanoid/-/nanoid-3.3.11.tgz. Extracting by manifest.
935 silly tarball no local data for source-map-js@https://registry.npmjs.org/source-map-js/-/source-map-js-1.2.1.tgz. Extracting by manifest.
936 silly tarball no local data for escalade@https://registry.npmjs.org/escalade/-/escalade-3.2.0.tgz. Extracting by manifest.
937 http cache @vitejs/plugin-react@https://registry.npmjs.org/@vitejs/plugin-react/-/plugin-react-4.7.0.tgz 0ms (cache hit)
938 silly tarball no local data for xmlhttprequest-ssl@https://registry.npmjs.org/xmlhttprequest-ssl/-/xmlhttprequest-ssl-2.1.2.tgz. Extracting by manifest.
939 http cache axios@https://registry.npmjs.org/axios/-/axios-1.15.1.tgz 0ms (cache hit)
940 silly tarball no local data for esbuild@https://registry.npmjs.org/esbuild/-/esbuild-0.21.5.tgz. Extracting by manifest.
941 http cache vite@https://registry.npmjs.org/vite/-/vite-5.4.21.tgz 0ms (cache hit)
942 silly tarball no local data for @remix-run/router@https://registry.npmjs.org/@remix-run/router/-/router-1.23.2.tgz. Extracting by manifest.
943 silly tarball no local data for engine.io-client@https://registry.npmjs.org/engine.io-client/-/engine.io-client-6.6.4.tgz. Extracting by manifest.
944 silly tarball no local data for react-router@https://registry.npmjs.org/react-router/-/react-router-6.30.3.tgz. Extracting by manifest.
945 silly tarball no local data for yallist@https://registry.npmjs.org/yallist/-/yallist-3.1.1.tgz. Extracting by manifest.
946 silly tarball no local data for loose-envify@https://registry.npmjs.org/loose-envify/-/loose-envify-1.4.0.tgz. Extracting by manifest.
947 silly tarball no local data for scheduler@https://registry.npmjs.org/scheduler/-/scheduler-0.23.2.tgz. Extracting by manifest.
948 silly tarball no local data for has-tostringtag@https://registry.npmjs.org/has-tostringtag/-/has-tostringtag-1.0.2.tgz. Extracting by manifest.
949 silly tarball no local data for delayed-stream@https://registry.npmjs.org/delayed-stream/-/delayed-stream-1.0.0.tgz. Extracting by manifest.
950 silly tarball no local data for es-set-tostringtag@https://registry.npmjs.org/es-set-tostringtag/-/es-set-tostringtag-2.1.0.tgz. Extracting by manifest.
951 silly tarball no local data for combined-stream@https://registry.npmjs.org/combined-stream/-/combined-stream-1.0.8.tgz. Extracting by manifest.
952 silly tarball no local data for asynckit@https://registry.npmjs.org/asynckit/-/asynckit-0.4.0.tgz. Extracting by manifest.
953 silly tarball no local data for node-releases@https://registry.npmjs.org/node-releases/-/node-releases-2.0.37.tgz. Extracting by manifest.
954 silly tarball no local data for update-browserslist-db@https://registry.npmjs.org/update-browserslist-db/-/update-browserslist-db-1.2.3.tgz. Extracting by manifest.
955 silly tarball no local data for electron-to-chromium@https://registry.npmjs.org/electron-to-chromium/-/electron-to-chromium-1.5.340.tgz. Extracting by manifest.
956 silly tarball no local data for caniuse-lite@https://registry.npmjs.org/caniuse-lite/-/caniuse-lite-1.0.30001788.tgz. Extracting by manifest.
957 silly tarball no local data for baseline-browser-mapping@https://registry.npmjs.org/baseline-browser-mapping/-/baseline-browser-mapping-2.10.20.tgz. Extracting by manifest.
958 silly tarball no local data for proxy-from-env@https://registry.npmjs.org/proxy-from-env/-/proxy-from-env-2.1.0.tgz. Extracting by manifest.
959 silly tarball no local data for form-data@https://registry.npmjs.org/form-data/-/form-data-4.0.5.tgz. Extracting by manifest.
960 silly tarball no local data for @types/babel__traverse@https://registry.npmjs.org/@types/babel__traverse/-/babel__traverse-7.28.0.tgz. Extracting by manifest.
961 silly tarball no local data for @jridgewell/resolve-uri@https://registry.npmjs.org/@jridgewell/resolve-uri/-/resolve-uri-3.1.2.tgz. Extracting by manifest.
962 silly tarball no local data for @types/babel__template@https://registry.npmjs.org/@types/babel__template/-/babel__template-7.4.4.tgz. Extracting by manifest.
963 silly tarball no local data for @jridgewell/sourcemap-codec@https://registry.npmjs.org/@jridgewell/sourcemap-codec/-/sourcemap-codec-1.5.5.tgz. Extracting by manifest.
964 silly tarball no local data for @types/babel__generator@https://registry.npmjs.org/@types/babel__generator/-/babel__generator-7.27.0.tgz. Extracting by manifest.
965 silly tarball no local data for follow-redirects@https://registry.npmjs.org/follow-redirects/-/follow-redirects-1.16.0.tgz. Extracting by manifest.
966 silly tarball no local data for @babel/helper-string-parser@https://registry.npmjs.org/@babel/helper-string-parser/-/helper-string-parser-7.27.1.tgz. Extracting by manifest.
967 silly tarball no local data for lru-cache@https://registry.npmjs.org/lru-cache/-/lru-cache-5.1.1.tgz. Extracting by manifest.
968 silly tarball no local data for browserslist@https://registry.npmjs.org/browserslist/-/browserslist-4.28.2.tgz. Extracting by manifest.
969 silly tarball no local data for @babel/helper-plugin-utils@https://registry.npmjs.org/@babel/helper-plugin-utils/-/helper-plugin-utils-7.28.6.tgz. Extracting by manifest.
970 silly tarball no local data for jsesc@https://registry.npmjs.org/jsesc/-/jsesc-3.1.0.tgz. Extracting by manifest.
971 silly tarball no local data for @babel/helper-validator-option@https://registry.npmjs.org/@babel/helper-validator-option/-/helper-validator-option-7.27.1.tgz. Extracting by manifest.
972 silly tarball no local data for @jridgewell/trace-mapping@https://registry.npmjs.org/@jridgewell/trace-mapping/-/trace-mapping-0.3.31.tgz. Extracting by manifest.
973 silly tarball no local data for picocolors@https://registry.npmjs.org/picocolors/-/picocolors-1.1.1.tgz. Extracting by manifest.
974 silly tarball no local data for @jridgewell/gen-mapping@https://registry.npmjs.org/@jridgewell/gen-mapping/-/gen-mapping-0.3.13.tgz. Extracting by manifest.
975 silly tarball no local data for @babel/helper-module-imports@https://registry.npmjs.org/@babel/helper-module-imports/-/helper-module-imports-7.28.6.tgz. Extracting by manifest.
976 silly tarball no local data for @babel/helper-validator-identifier@https://registry.npmjs.org/@babel/helper-validator-identifier/-/helper-validator-identifier-7.28.5.tgz. Extracting by manifest.
977 silly tarball no local data for js-tokens@https://registry.npmjs.org/js-tokens/-/js-tokens-4.0.0.tgz. Extracting by manifest.
978 silly tarball no local data for semver@https://registry.npmjs.org/semver/-/semver-6.3.1.tgz. Extracting by manifest.
979 silly tarball no local data for @babel/helper-globals@https://registry.npmjs.org/@babel/helper-globals/-/helper-globals-7.28.0.tgz. Extracting by manifest.
980 silly tarball no local data for json5@https://registry.npmjs.org/json5/-/json5-2.2.3.tgz. Extracting by manifest.
981 silly tarball no local data for @babel/compat-data@https://registry.npmjs.org/@babel/compat-data/-/compat-data-7.29.0.tgz. Extracting by manifest.
982 silly tarball no local data for gensync@https://registry.npmjs.org/gensync/-/gensync-1.0.0-beta.2.tgz. Extracting by manifest.
983 silly tarball no local data for @jridgewell/remapping@https://registry.npmjs.org/@jridgewell/remapping/-/remapping-2.3.5.tgz. Extracting by manifest.
984 silly tarball no local data for convert-source-map@https://registry.npmjs.org/convert-source-map/-/convert-source-map-2.0.0.tgz. Extracting by manifest.
985 silly tarball no local data for @babel/types@https://registry.npmjs.org/@babel/types/-/types-7.29.0.tgz. Extracting by manifest.
986 silly tarball no local data for @babel/template@https://registry.npmjs.org/@babel/template/-/template-7.28.6.tgz. Extracting by manifest.
987 silly tarball no local data for @babel/traverse@https://registry.npmjs.org/@babel/traverse/-/traverse-7.29.0.tgz. Extracting by manifest.
988 silly tarball no local data for @babel/parser@https://registry.npmjs.org/@babel/parser/-/parser-7.29.2.tgz. Extracting by manifest.
989 silly tarball no local data for @babel/helper-compilation-targets@https://registry.npmjs.org/@babel/helper-compilation-targets/-/helper-compilation-targets-7.28.6.tgz. Extracting by manifest.
990 silly tarball no local data for @babel/helper-module-transforms@https://registry.npmjs.org/@babel/helper-module-transforms/-/helper-module-transforms-7.28.6.tgz. Extracting by manifest.
991 silly tarball no local data for @babel/helpers@https://registry.npmjs.org/@babel/helpers/-/helpers-7.29.2.tgz. Extracting by manifest.
992 silly tarball no local data for react-refresh@https://registry.npmjs.org/react-refresh/-/react-refresh-0.17.0.tgz. Extracting by manifest.
993 silly tarball no local data for @babel/generator@https://registry.npmjs.org/@babel/generator/-/generator-7.29.1.tgz. Extracting by manifest.
994 silly tarball no local data for @babel/code-frame@https://registry.npmjs.org/@babel/code-frame/-/code-frame-7.29.0.tgz. Extracting by manifest.
995 silly tarball no local data for @types/babel__core@https://registry.npmjs.org/@types/babel__core/-/babel__core-7.20.5.tgz. Extracting by manifest.
996 silly tarball no local data for @rolldown/pluginutils@https://registry.npmjs.org/@rolldown/pluginutils/-/pluginutils-1.0.0-beta.27.tgz. Extracting by manifest.
997 silly tarball no local data for socket.io-client@https://registry.npmjs.org/socket.io-client/-/socket.io-client-4.8.3.tgz. Extracting by manifest.
998 silly tarball no local data for react-router-dom@https://registry.npmjs.org/react-router-dom/-/react-router-dom-6.30.3.tgz. Extracting by manifest.
999 silly tarball no local data for react-dom@https://registry.npmjs.org/react-dom/-/react-dom-18.3.1.tgz. Extracting by manifest.
1000 silly tarball no local data for react@https://registry.npmjs.org/react/-/react-18.3.1.tgz. Extracting by manifest.
1001 silly tarball no local data for @babel/core@https://registry.npmjs.org/@babel/core/-/core-7.29.0.tgz. Extracting by manifest.
1002 silly tarball no local data for @babel/plugin-transform-react-jsx-self@https://registry.npmjs.org/@babel/plugin-transform-react-jsx-self/-/plugin-transform-react-jsx-self-7.27.1.tgz. Extracting by manifest.
1003 silly tarball no local data for @babel/plugin-transform-react-jsx-source@https://registry.npmjs.org/@babel/plugin-transform-react-jsx-source/-/plugin-transform-react-jsx-source-7.27.1.tgz. Extracting by manifest.
1004 silly tarball no local data for @vitejs/plugin-react@https://registry.npmjs.org/@vitejs/plugin-react/-/plugin-react-4.7.0.tgz. Extracting by manifest.
1005 silly tarball no local data for axios@https://registry.npmjs.org/axios/-/axios-1.15.1.tgz. Extracting by manifest.
1006 silly tarball no local data for vite@https://registry.npmjs.org/vite/-/vite-5.4.21.tgz. Extracting by manifest.
1007 http fetch GET 200 https://registry.npmjs.org/escalade/-/escalade-3.2.0.tgz 175ms (cache miss)
1008 http fetch GET 200 https://registry.npmjs.org/nanoid/-/nanoid-3.3.11.tgz 178ms (cache miss)
1009 http fetch GET 200 https://registry.npmjs.org/@types/estree/-/estree-1.0.8.tgz 309ms (cache miss)
1010 http fetch GET 200 https://registry.npmjs.org/xmlhttprequest-ssl/-/xmlhttprequest-ssl-2.1.2.tgz 335ms (cache miss)
1011 http fetch GET 200 https://registry.npmjs.org/source-map-js/-/source-map-js-1.2.1.tgz 357ms (cache miss)
1012 http fetch GET 200 https://registry.npmjs.org/esbuild/-/esbuild-0.21.5.tgz 369ms (cache miss)
1013 http fetch GET 200 https://registry.npmjs.org/postcss/-/postcss-8.5.10.tgz 542ms (cache miss)
1014 http fetch GET 200 https://registry.npmjs.org/loose-envify/-/loose-envify-1.4.0.tgz 549ms (cache miss)
1015 http fetch POST 200 https://registry.npmjs.org/-/npm/v1/security/advisories/bulk 589ms
1016 silly audit report {
1016 silly audit report   vite: [
1016 silly audit report     {
1016 silly audit report       id: 1116229,
1016 silly audit report       url: 'https://github.com/advisories/GHSA-4w7w-66w2-5vf9',
1016 silly audit report       title: 'Vite Vulnerable to Path Traversal in Optimized Deps `.map` Handling',
1016 silly audit report       severity: 'moderate',
1016 silly audit report       vulnerable_versions: '<=6.4.1',
1016 silly audit report       cwe: [Array],
1016 silly audit report       cvss: [Object]
1016 silly audit report     }
1016 silly audit report   ],
1016 silly audit report   esbuild: [
1016 silly audit report     {
1016 silly audit report       id: 1102341,
1016 silly audit report       url: 'https://github.com/advisories/GHSA-67mh-4wv8-2f99',
1016 silly audit report       title: 'esbuild enables any website to send any requests to the development server and read the response',
1016 silly audit report       severity: 'moderate',
1016 silly audit report       vulnerable_versions: '<=0.24.2',
1016 silly audit report       cwe: [Array],
1016 silly audit report       cvss: [Object]
1016 silly audit report     }
1016 silly audit report   ]
1016 silly audit report }
1017 silly packumentCache corgi:https://registry.npmjs.org/vite cache-miss
1018 silly packumentCache corgi:https://registry.npmjs.org/esbuild cache-miss
1019 http fetch GET 200 https://registry.npmjs.org/yallist/-/yallist-3.1.1.tgz 569ms (cache miss)
1020 http fetch GET 200 https://registry.npmjs.org/scheduler/-/scheduler-0.23.2.tgz 630ms (cache miss)
1021 http fetch GET 200 https://registry.npmjs.org/has-tostringtag/-/has-tostringtag-1.0.2.tgz 701ms (cache miss)
1022 http fetch GET 200 https://registry.npmjs.org/es-set-tostringtag/-/es-set-tostringtag-2.1.0.tgz 856ms (cache miss)
1023 http fetch GET 200 https://registry.npmjs.org/delayed-stream/-/delayed-stream-1.0.0.tgz 857ms (cache miss)
1024 http fetch GET 200 https://registry.npmjs.org/asynckit/-/asynckit-0.4.0.tgz 988ms (cache miss)
1025 http fetch GET 200 https://registry.npmjs.org/combined-stream/-/combined-stream-1.0.8.tgz 989ms (cache miss)
1026 http fetch GET 200 https://registry.npmjs.org/node-releases/-/node-releases-2.0.37.tgz 1001ms (cache miss)
1027 http fetch GET 200 https://registry.npmjs.org/update-browserslist-db/-/update-browserslist-db-1.2.3.tgz 1001ms (cache miss)
1028 http fetch GET 200 https://registry.npmjs.org/react-router/-/react-router-6.30.3.tgz 1012ms (cache miss)
1029 http fetch GET 200 https://registry.npmjs.org/electron-to-chromium/-/electron-to-chromium-1.5.340.tgz 1045ms (cache miss)
1030 http fetch GET 200 https://registry.npmjs.org/engine.io-client/-/engine.io-client-6.6.4.tgz 1075ms (cache miss)
1031 http fetch GET 200 https://registry.npmjs.org/proxy-from-env/-/proxy-from-env-2.1.0.tgz 1157ms (cache miss)
1032 http fetch GET 200 https://registry.npmjs.org/baseline-browser-mapping/-/baseline-browser-mapping-2.10.20.tgz 1176ms (cache miss)
1033 http fetch GET 200 https://registry.npmjs.org/@types/babel__template/-/babel__template-7.4.4.tgz 1232ms (cache miss)
1034 http fetch GET 200 https://registry.npmjs.org/@jridgewell/resolve-uri/-/resolve-uri-3.1.2.tgz 1233ms (cache miss)
1035 http fetch GET 200 https://registry.npmjs.org/@types/babel__generator/-/babel__generator-7.27.0.tgz 1239ms (cache miss)
1036 http fetch GET 200 https://registry.npmjs.org/@types/babel__traverse/-/babel__traverse-7.28.0.tgz 1253ms (cache miss)
1037 http fetch GET 200 https://registry.npmjs.org/follow-redirects/-/follow-redirects-1.16.0.tgz 1259ms (cache miss)
1038 http fetch GET 200 https://registry.npmjs.org/@jridgewell/sourcemap-codec/-/sourcemap-codec-1.5.5.tgz 1284ms (cache miss)
1039 http fetch GET 200 https://registry.npmjs.org/form-data/-/form-data-4.0.5.tgz 1435ms (cache miss)
1040 http fetch GET 200 https://registry.npmjs.org/lru-cache/-/lru-cache-5.1.1.tgz 1439ms (cache miss)
1041 http fetch GET 200 https://registry.npmjs.org/@babel/helper-string-parser/-/helper-string-parser-7.27.1.tgz 1457ms (cache miss)
1042 http fetch GET 200 https://registry.npmjs.org/browserslist/-/browserslist-4.28.2.tgz 1499ms (cache miss)
1043 http fetch GET 200 https://registry.npmjs.org/jsesc/-/jsesc-3.1.0.tgz 1501ms (cache miss)
1044 http fetch GET 200 https://registry.npmjs.org/@babel/helper-plugin-utils/-/helper-plugin-utils-7.28.6.tgz 1501ms (cache miss)
1045 http fetch GET 200 https://registry.npmjs.org/picocolors/-/picocolors-1.1.1.tgz 1564ms (cache miss)
1046 http fetch GET 200 https://registry.npmjs.org/@jridgewell/trace-mapping/-/trace-mapping-0.3.31.tgz 1594ms (cache miss)
1047 http fetch GET 200 https://registry.npmjs.org/@babel/helper-validator-option/-/helper-validator-option-7.27.1.tgz 1602ms (cache miss)
1048 http fetch GET 200 https://registry.npmjs.org/@jridgewell/gen-mapping/-/gen-mapping-0.3.13.tgz 1716ms (cache miss)
1049 http fetch GET 200 https://registry.npmjs.org/@babel/helper-module-imports/-/helper-module-imports-7.28.6.tgz 1768ms (cache miss)
1050 http fetch GET 200 https://registry.npmjs.org/@babel/helper-validator-identifier/-/helper-validator-identifier-7.28.5.tgz 1769ms (cache miss)
1051 http fetch GET 200 https://registry.npmjs.org/js-tokens/-/js-tokens-4.0.0.tgz 1804ms (cache miss)
1052 http fetch GET 200 https://registry.npmjs.org/semver/-/semver-6.3.1.tgz 1885ms (cache miss)
1053 http fetch GET 200 https://registry.npmjs.org/@babel/helper-globals/-/helper-globals-7.28.0.tgz 1898ms (cache miss)
1054 http fetch GET 200 https://registry.npmjs.org/@babel/compat-data/-/compat-data-7.29.0.tgz 1950ms (cache miss)
1055 http fetch GET 200 https://registry.npmjs.org/caniuse-lite/-/caniuse-lite-1.0.30001788.tgz 1963ms (cache miss)
1056 http fetch GET 200 https://registry.npmjs.org/gensync/-/gensync-1.0.0-beta.2.tgz 2013ms (cache miss)
1057 http fetch GET 200 https://registry.npmjs.org/json5/-/json5-2.2.3.tgz 2024ms (cache miss)
1058 http fetch GET 200 https://registry.npmjs.org/@jridgewell/remapping/-/remapping-2.3.5.tgz 2138ms (cache miss)
1059 http fetch GET 200 https://registry.npmjs.org/convert-source-map/-/convert-source-map-2.0.0.tgz 2282ms (cache miss)
1060 http fetch GET 200 https://registry.npmjs.org/@babel/template/-/template-7.28.6.tgz 2347ms (cache miss)
1061 http fetch GET 200 https://registry.npmjs.org/@babel/helper-compilation-targets/-/helper-compilation-targets-7.28.6.tgz 2421ms (cache miss)
1062 http fetch GET 200 https://registry.npmjs.org/@babel/helper-module-transforms/-/helper-module-transforms-7.28.6.tgz 2548ms (cache miss)
1063 http fetch GET 200 https://registry.npmjs.org/react-refresh/-/react-refresh-0.17.0.tgz 2738ms (cache miss)
1064 http fetch GET 200 https://registry.npmjs.org/rollup/-/rollup-4.60.2.tgz 2763ms (cache miss)
1065 http fetch GET 200 https://registry.npmjs.org/@babel/generator/-/generator-7.29.1.tgz 3093ms (cache miss)
1066 http fetch GET 200 https://registry.npmjs.org/@babel/traverse/-/traverse-7.29.0.tgz 3146ms (cache miss)
1067 http fetch GET 200 https://registry.npmjs.org/@babel/code-frame/-/code-frame-7.29.0.tgz 3300ms (cache miss)
1068 http fetch GET 200 https://registry.npmjs.org/@types/babel__core/-/babel__core-7.20.5.tgz 3357ms (cache miss)
1069 http fetch GET 200 https://registry.npmjs.org/@rolldown/pluginutils/-/pluginutils-1.0.0-beta.27.tgz 3486ms (cache miss)
1070 http fetch GET 200 https://registry.npmjs.org/@babel/helpers/-/helpers-7.29.2.tgz 3794ms (cache miss)
1071 http fetch GET 200 https://registry.npmjs.org/react/-/react-18.3.1.tgz 3813ms (cache miss)
1072 http fetch GET 200 https://registry.npmjs.org/@rollup/rollup-win32-x64-msvc/-/rollup-win32-x64-msvc-4.60.2.tgz 3957ms (cache miss)
1073 http fetch GET 200 https://registry.npmjs.org/@babel/plugin-transform-react-jsx-self/-/plugin-transform-react-jsx-self-7.27.1.tgz 4050ms (cache miss)
1074 http fetch GET 200 https://registry.npmjs.org/@babel/plugin-transform-react-jsx-source/-/plugin-transform-react-jsx-source-7.27.1.tgz 4113ms (cache miss)
1075 http fetch GET 200 https://registry.npmjs.org/@vitejs/plugin-react/-/plugin-react-4.7.0.tgz 4232ms (cache miss)
1076 http fetch GET 200 https://registry.npmjs.org/@babel/core/-/core-7.29.0.tgz 4343ms (cache miss)
1077 http fetch GET 200 https://registry.npmjs.org/socket.io-client/-/socket.io-client-4.8.3.tgz 5307ms (cache miss)
1078 http fetch GET 200 https://registry.npmjs.org/react-router-dom/-/react-router-dom-6.30.3.tgz 5335ms (cache miss)
1079 http fetch GET 200 https://registry.npmjs.org/@babel/types/-/types-7.29.0.tgz 5558ms (cache miss)
1080 http fetch GET 200 https://registry.npmjs.org/esbuild 5114ms (cache miss)
1081 silly packumentCache corgi:https://registry.npmjs.org/esbuild set size:undefined disposed:false
1082 http fetch GET 200 https://registry.npmjs.org/vite 5133ms (cache miss)
1083 silly packumentCache corgi:https://registry.npmjs.org/vite set size:undefined disposed:false
1084 silly packumentCache corgi:https://registry.npmjs.org/@vitejs%2fplugin-react cache-miss
1085 http fetch GET 200 https://registry.npmjs.org/@vitejs%2fplugin-react 281ms (cache miss)
1086 silly packumentCache corgi:https://registry.npmjs.org/@vitejs%2fplugin-react set size:undefined disposed:false
1087 http fetch GET 200 https://registry.npmjs.org/@remix-run/router/-/router-1.23.2.tgz 6170ms (cache miss)
1088 http fetch GET 200 https://registry.npmjs.org/@babel/parser/-/parser-7.29.2.tgz 6202ms (cache miss)
1089 http fetch GET 200 https://registry.npmjs.org/@rollup/rollup-win32-x64-gnu/-/rollup-win32-x64-gnu-4.60.2.tgz 6777ms (cache miss)
1090 http fetch GET 200 https://registry.npmjs.org/vite/-/vite-5.4.21.tgz 6759ms (cache miss)
1091 http fetch GET 200 https://registry.npmjs.org/axios/-/axios-1.15.1.tgz 6798ms (cache miss)
1092 http fetch GET 200 https://registry.npmjs.org/@esbuild/win32-x64/-/win32-x64-0.21.5.tgz 7065ms (cache miss)
1093 http fetch GET 200 https://registry.npmjs.org/react-dom/-/react-dom-18.3.1.tgz 7564ms (cache miss)
1094 info run esbuild@0.21.5 postinstall node_modules/esbuild node install.js
1095 info run esbuild@0.21.5 postinstall { code: 'EPERM', signal: undefined }
1096 warn cleanup Failed to remove some directories [
1096 warn cleanup   [
1096 warn cleanup     '\\\\?\\D:\\Daily Project 6\\frontend\\node_modules',
1096 warn cleanup     [Error: EPERM: operation not permitted, rmdir 'D:\Daily Project 6\frontend\node_modules\axios\lib\platform\browser'] {
1096 warn cleanup       errno: -4048,
1096 warn cleanup       code: 'EPERM',
1096 warn cleanup       syscall: 'rmdir',
1096 warn cleanup       path: 'D:\\Daily Project 6\\frontend\\node_modules\\axios\\lib\\platform\\browser'
1096 warn cleanup     }
1096 warn cleanup   ]
1096 warn cleanup ]
1097 verbose stack Error: spawn EPERM
1097 verbose stack     at ChildProcess.spawn (node:internal/child_process:421:11)
1097 verbose stack     at spawn (node:child_process:796:9)
1097 verbose stack     at promiseSpawn (C:\Program Files\nodejs\node_modules\npm\node_modules\@npmcli\promise-spawn\lib\index.js:39:16)
1097 verbose stack     at spawnWithShell (C:\Program Files\nodejs\node_modules\npm\node_modules\@npmcli\promise-spawn\lib\index.js:124:10)
1097 verbose stack     at promiseSpawn (C:\Program Files\nodejs\node_modules\npm\node_modules\@npmcli\promise-spawn\lib\index.js:12:12)
1097 verbose stack     at runScriptPkg (C:\Program Files\nodejs\node_modules\npm\node_modules\@npmcli\run-script\lib\run-script-pkg.js:79:13)
1097 verbose stack     at runScript (C:\Program Files\nodejs\node_modules\npm\node_modules\@npmcli\run-script\lib\run-script.js:9:12)
1097 verbose stack     at C:\Program Files\nodejs\node_modules\npm\node_modules\@npmcli\arborist\lib\arborist\rebuild.js:327:17
1097 verbose stack     at run (C:\Program Files\nodejs\node_modules\npm\node_modules\promise-call-limit\dist\commonjs\index.js:67:22)
1097 verbose stack     at C:\Program Files\nodejs\node_modules\npm\node_modules\promise-call-limit\dist\commonjs\index.js:84:9
1098 error code EPERM
1099 error syscall spawn
1100 error errno -4048
1101 error Error: spawn EPERM
1101 error     at ChildProcess.spawn (node:internal/child_process:421:11)
1101 error     at spawn (node:child_process:796:9)
1101 error     at promiseSpawn (C:\Program Files\nodejs\node_modules\npm\node_modules\@npmcli\promise-spawn\lib\index.js:39:16)
1101 error     at spawnWithShell (C:\Program Files\nodejs\node_modules\npm\node_modules\@npmcli\promise-spawn\lib\index.js:124:10)
1101 error     at promiseSpawn (C:\Program Files\nodejs\node_modules\npm\node_modules\@npmcli\promise-spawn\lib\index.js:12:12)
1101 error     at runScriptPkg (C:\Program Files\nodejs\node_modules\npm\node_modules\@npmcli\run-script\lib\run-script-pkg.js:79:13)
1101 error     at runScript (C:\Program Files\nodejs\node_modules\npm\node_modules\@npmcli\run-script\lib\run-script.js:9:12)
1101 error     at C:\Program Files\nodejs\node_modules\npm\node_modules\@npmcli\arborist\lib\arborist\rebuild.js:327:17
1101 error     at run (C:\Program Files\nodejs\node_modules\npm\node_modules\promise-call-limit\dist\commonjs\index.js:67:22)
1101 error     at C:\Program Files\nodejs\node_modules\npm\node_modules\promise-call-limit\dist\commonjs\index.js:84:9 {
1101 error   errno: -4048,
1101 error   code: 'EPERM',
1101 error   syscall: 'spawn'
1101 error }
1102 error
1102 error The operation was rejected by your operating system.
1102 error It's possible that the file was already in use (by a text editor or antivirus),
1102 error or that you lack permissions to access it.
1102 error
1102 error If you believe this might be a permissions issue, please double-check the
1102 error permissions of the file and its containing directories, or try running
1102 error the command again as root/Administrator.
1103 silly unfinished npm timer reify 1776763457467
1104 silly unfinished npm timer reify:build 1776763484077
1105 silly unfinished npm timer build 1776763484077
1106 silly unfinished npm timer build:deps 1776763484077
1107 silly unfinished npm timer build:run:postinstall 1776763484093
1108 silly unfinished npm timer build:run:postinstall:node_modules/esbuild 1776763484093
1109 verbose cwd D:\Daily Project 6
1110 verbose os Windows_NT 10.0.26100
1111 verbose node v24.14.1
1112 verbose npm  v11.11.0
1113 verbose exit -4048
1114 verbose code -4048
1115 error A complete log of this run can be found in: d:\Daily Project 6\.npm-cache\_logs\2026-04-21T09_24_17_264Z-debug-0.log
